result,team_hero_ids,enemy_hero_ids,id,created_date,updated_date,created_by_id,is_sample
defaite,"[""scarlet-bolt"",""rose-knight"",""don-guappo"",""demon-slayer"",""black-crow""]","[""lore-weaver"",""demon-slayer"",""rose-knight"",""boommeister"",""black-crow""]",6a78d1ffb8cacabd4a5317c0,"2026-08-09T19:16:15,200","2026-08-09T19:16:15,200",6a5b8bf7216d9ce22701983a,false
defaite,"[""scarlet-bolt"",""rose-knight"",""don-guappo"",""demon-slayer"",""black-crow""]","[""trickster"",""rose-knight"",""child-of-light"",""tracker"",""black-crow""]",6a78d1c3ecb5465a5a4a8cc4,"2026-08-09T19:15:15,908","2026-08-09T19:15:15,908",6a5b8bf7216d9ce22701983a,false
victoire,"[""scarlet-bolt"",""rose-knight"",""don-guappo"",""demon-slayer"",""black-crow""]","[""lore-weaver"",""rose-knight"",""don-guappo"",""demon-slayer"",""tracker""]",6a78d159f09767fff431a0c1,"2026-08-09T19:13:29,327","2026-08-09T19:13:29,327",6a5b8bf7216d9ce22701983a,false
defaite,"[""scarlet-bolt"",""rose-knight"",""don-guappo"",""demon-slayer"",""black-crow""]","[""lore-weaver"",""demon-slayer"",""rose-knight"",""witch-doll"",""tracker""]",6a78d0fc37dcd6a44b41eda7,"2026-08-09T19:11:56,937","2026-08-09T19:11:56,937",6a5b8bf7216d9ce22701983a,false
victoire,"[""petite-devil"",""tracker"",""rose-knight"",""demon-slayer"",""lore-weaver""]","[""petite-devil"",""demon-slayer"",""rose-knight"",""witch-doll"",""lore-weaver""]",6a78488756b559867e525524,"2026-08-09T09:29:43,494","2026-08-09T09:29:43,494",6a5b8bf7216d9ce22701983a,false
victoire,"[""tracker"",""cursed-hunter"",""rose-knight"",""prima-donna"",""black-crow""]","[""tracker"",""scarlet-bolt"",""rose-knight"",""prima-donna"",""black-crow""]",6a78488756b559867e525528,"2026-08-09T09:29:43,494","2026-08-09T09:29:43,494",6a5b8bf7216d9ce22701983a,false
victoire,"[""death-knight"",""black-crow"",""mastercook"",""prima-donna"",""rose-knight""]","[""lore-weaver"",""demon-slayer"",""rose-knight"",""storm-fox"",""tracker""]",6a78488756b559867e525530,"2026-08-09T09:29:43,494","2026-08-09T09:29:43,494",6a5b8bf7216d9ce22701983a,false
victoire,"[""black-crow"",""demon-slayer"",""lore-weaver"",""rose-knight"",""scarlet-bolt""]","[""lore-weaver"",""demon-slayer"",""rose-knight"",""witch-doll"",""tracker""]",6a78488756b559867e525536,"2026-08-09T09:29:43,494","2026-08-09T09:29:43,494",6a5b8bf7216d9ce22701983a,false
victoire,"[""black-crow"",""demon-slayer"",""lore-weaver"",""rose-knight"",""scarlet-bolt""]","[""lore-weaver"",""demon-slayer"",""rose-knight"",""witch-doll"",""tracker""]",6a78488756b559867e525538,"2026-08-09T09:29:43,494","2026-08-09T09:29:43,494",6a5b8bf7216d9ce22701983a,false
victoire,"[""lore-weaver"",""demon-slayer"",""rose-knight"",""witch-doll"",""black-crow""]","[""lore-weaver"",""demon-slayer"",""rose-knight"",""witch-doll"",""tracker""]",6a78488756b559867e52552c,"2026-08-09T09:29:43,494","2026-08-09T09:29:43,494",6a5b8bf7216d9ce22701983a,false
victoire,"[""petite-devil"",""rose-knight"",""death-knight"",""boommeister"",""black-crow""]","[""tracker"",""rose-knight"",""death-knight"",""boommeister"",""black-crow""]",6a78488756b559867e525531,"2026-08-09T09:29:43,494","2026-08-09T09:29:43,494",6a5b8bf7216d9ce22701983a,false
victoire,"[""black-crow"",""don-guappo"",""night-raven"",""lore-weaver"",""rose-knight""]","[""lore-weaver"",""demon-slayer"",""rose-knight"",""tracker"",""witch-doll""]",6a78488756b559867e525526,"2026-08-09T09:29:43,494","2026-08-09T09:29:43,494",6a5b8bf7216d9ce22701983a,false
victoire,"[""boommeister"",""don-guappo"",""prima-donna"",""rose-knight"",""black-crow""]","[""tracker"",""rose-knight"",""don-guappo"",""boommeister"",""black-crow""]",6a78488756b559867e52552d,"2026-08-09T09:29:43,494","2026-08-09T09:29:43,494",6a5b8bf7216d9ce22701983a,false
victoire,"[""necroduke"",""rose-knight"",""death-knight"",""lore-weaver"",""witch-doll""]","[""tracker"",""rose-knight"",""death-knight"",""boommeister"",""black-crow""]",6a78488756b559867e52552b,"2026-08-09T09:29:43,494","2026-08-09T09:29:43,494",6a5b8bf7216d9ce22701983a,false
victoire,"[""lore-weaver"",""demon-slayer"",""rose-knight"",""witch-doll"",""black-crow""]","[""lore-weaver"",""cursed-hunter"",""rose-knight"",""witch-doll"",""tracker""]",6a78488756b559867e52552f,"2026-08-09T09:29:43,494","2026-08-09T09:29:43,494",6a5b8bf7216d9ce22701983a,false
victoire,"[""black-crow"",""don-guappo"",""night-raven"",""lore-weaver"",""rose-knight""]","[""lore-weaver"",""demon-slayer"",""rose-knight"",""tracker"",""witch-doll""]",6a78488756b559867e525527,"2026-08-09T09:29:43,494","2026-08-09T09:29:43,494",6a5b8bf7216d9ce22701983a,false
victoire,"[""black-crow"",""demon-slayer"",""witch-doll"",""lore-weaver"",""rose-knight""]","[""lore-weaver"",""demon-slayer"",""rose-knight"",""witch-doll"",""tracker""]",6a78488756b559867e52552e,"2026-08-09T09:29:43,494","2026-08-09T09:29:43,494",6a5b8bf7216d9ce22701983a,false
victoire,"[""black-crow"",""demon-slayer"",""scarlet-bolt"",""lore-weaver"",""rose-knight""]","[""lore-weaver"",""demon-slayer"",""rose-knight"",""witch-doll"",""tracker""]",6a78488756b559867e525532,"2026-08-09T09:29:43,494","2026-08-09T09:29:43,494",6a5b8bf7216d9ce22701983a,false
victoire,"[""lore-weaver"",""tracker"",""soul-forger"",""incinerator"",""rose-knight""]","[""trickster"",""rose-knight"",""child-of-light"",""demon-slayer"",""black-crow""]",6a78488756b559867e525525,"2026-08-09T09:29:43,494","2026-08-09T09:29:43,494",6a5b8bf7216d9ce22701983a,false
victoire,"[""tracker"",""demon-slayer"",""rose-knight"",""scarlet-bolt"",""death-knight""]","[""tracker"",""demon-slayer"",""rose-knight"",""scarlet-bolt"",""black-crow""]",6a78488756b559867e52552a,"2026-08-09T09:29:43,494","2026-08-09T09:29:43,494",6a5b8bf7216d9ce22701983a,false
victoire,"[""black-crow"",""demon-slayer"",""scarlet-bolt"",""lore-weaver"",""rose-knight""]","[""lore-weaver"",""demon-slayer"",""rose-knight"",""witch-doll"",""tracker""]",6a78488756b559867e525534,"2026-08-09T09:29:43,494","2026-08-09T09:29:43,494",6a5b8bf7216d9ce22701983a,false
victoire,"[""black-crow"",""demon-slayer"",""lore-weaver"",""rose-knight"",""scarlet-bolt""]","[""lore-weaver"",""demon-slayer"",""rose-knight"",""witch-doll"",""tracker""]",6a78488756b559867e525535,"2026-08-09T09:29:43,494","2026-08-09T09:29:43,494",6a5b8bf7216d9ce22701983a,false
victoire,"[""black-crow"",""demon-slayer"",""scarlet-bolt"",""lore-weaver"",""rose-knight""]","[""lore-weaver"",""demon-slayer"",""rose-knight"",""witch-doll"",""tracker""]",6a78488756b559867e525533,"2026-08-09T09:29:43,494","2026-08-09T09:29:43,494",6a5b8bf7216d9ce22701983a,false
victoire,"[""prima-donna"",""demon-slayer"",""rose-knight"",""lore-weaver"",""tracker""]","[""prima-donna"",""demon-slayer"",""rose-knight"",""witch-doll"",""tracker""]",6a78488756b559867e525529,"2026-08-09T09:29:43,494","2026-08-09T09:29:43,494",6a5b8bf7216d9ce22701983a,false
victoire,"[""lore-weaver"",""demon-slayer"",""rose-knight"",""scarlet-bolt"",""black-crow""]","[""lore-weaver"",""demon-slayer"",""rose-knight"",""witch-doll"",""black-crow""]",6a78488756b559867e525537,"2026-08-09T09:29:43,494","2026-08-09T09:29:43,494",6a5b8bf7216d9ce22701983a,false
victoire,"[""black-crow"",""demon-slayer"",""incinerator"",""lore-weaver"",""rose-knight""]","[""lore-weaver"",""demon-slayer"",""rose-knight"",""witch-doll"",""tracker""]",6a78488756b559867e525521,"2026-08-09T09:29:43,493","2026-08-09T09:29:43,493",6a5b8bf7216d9ce22701983a,false
victoire,"[""lore-weaver"",""rose-knight"",""big-guy"",""demon-slayer"",""don-guappo""]","[""tracker"",""demon-slayer"",""rose-knight"",""boommeister"",""black-crow""]",6a78488756b559867e525523,"2026-08-09T09:29:43,493","2026-08-09T09:29:43,493",6a5b8bf7216d9ce22701983a,false
victoire,"[""black-crow"",""demon-slayer"",""incinerator"",""lore-weaver"",""rose-knight""]","[""lore-weaver"",""demon-slayer"",""rose-knight"",""witch-doll"",""tracker""]",6a78488756b559867e525522,"2026-08-09T09:29:43,493","2026-08-09T09:29:43,493",6a5b8bf7216d9ce22701983a,false
victoire,"[""black-crow"",""demon-slayer"",""incinerator"",""lore-weaver"",""rose-knight""]","[""lore-weaver"",""demon-slayer"",""rose-knight"",""witch-doll"",""tracker""]",6a78488756b559867e52551f,"2026-08-09T09:29:43,493","2026-08-09T09:29:43,493",6a5b8bf7216d9ce22701983a,false
victoire,"[""black-crow"",""demon-slayer"",""incinerator"",""lore-weaver"",""rose-knight""]","[""lore-weaver"",""demon-slayer"",""rose-knight"",""witch-doll"",""tracker""]",6a78488756b559867e525520,"2026-08-09T09:29:43,493","2026-08-09T09:29:43,493",6a5b8bf7216d9ce22701983a,false
victoire,"[""boommeister"",""rose-knight"",""don-guappo"",""demon-slayer"",""prima-donna""]","[""boommeister"",""rose-knight"",""don-guappo"",""demon-slayer"",""tracker""]",6a78488756b559867e525507,"2026-08-09T09:29:43,491","2026-08-09T09:29:43,491",6a5b8bf7216d9ce22701983a,false
victoire,"[""boommeister"",""demon-slayer"",""rose-knight"",""scarlet-bolt"",""lore-weaver""]","[""lore-weaver"",""demon-slayer"",""rose-knight"",""witch-doll"",""tracker""]",6a78488756b559867e525502,"2026-08-09T09:29:43,491","2026-08-09T09:29:43,491",6a5b8bf7216d9ce22701983a,false
victoire,"[""boommeister"",""rose-knight"",""don-guappo"",""demon-slayer"",""lore-weaver""]","[""lore-weaver"",""demon-slayer"",""rose-knight"",""boommeister"",""tracker""]",6a78488756b559867e525505,"2026-08-09T09:29:43,491","2026-08-09T09:29:43,491",6a5b8bf7216d9ce22701983a,false
victoire,"[""tracker"",""rose-knight"",""don-guappo"",""incinerator"",""boommeister""]","[""petite-devil"",""demon-slayer"",""rose-knight"",""witch-doll"",""lore-weaver""]",6a78488756b559867e52550b,"2026-08-09T09:29:43,491","2026-08-09T09:29:43,491",6a5b8bf7216d9ce22701983a,false
victoire,"[""black-crow"",""demon-slayer"",""incinerator"",""lore-weaver"",""rose-knight""]","[""lore-weaver"",""demon-slayer"",""rose-knight"",""witch-doll"",""tracker""]",6a78488756b559867e525517,"2026-08-09T09:29:43,491","2026-08-09T09:29:43,491",6a5b8bf7216d9ce22701983a,false
victoire,"[""black-crow"",""demon-slayer"",""incinerator"",""lore-weaver"",""rose-knight""]","[""lore-weaver"",""demon-slayer"",""rose-knight"",""witch-doll"",""tracker""]",6a78488756b559867e525519,"2026-08-09T09:29:43,491","2026-08-09T09:29:43,491",6a5b8bf7216d9ce22701983a,false
victoire,"[""black-crow"",""demon-slayer"",""storm-fox"",""lore-weaver"",""rose-knight""]","[""lore-weaver"",""demon-slayer"",""rose-knight"",""witch-doll"",""tracker""]",6a78488756b559867e525516,"2026-08-09T09:29:43,491","2026-08-09T09:29:43,491",6a5b8bf7216d9ce22701983a,false
victoire,"[""lore-weaver"",""demon-slayer"",""rose-knight"",""incinerator"",""black-crow""]","[""lore-weaver"",""demon-slayer"",""rose-knight"",""tracker"",""witch-doll""]",6a78488756b559867e525511,"2026-08-09T09:29:43,491","2026-08-09T09:29:43,491",6a5b8bf7216d9ce22701983a,false
victoire,"[""prima-donna"",""rose-knight"",""don-guappo"",""boommeister"",""tracker""]","[""tracker"",""rose-knight"",""don-guappo"",""boommeister"",""black-crow""]",6a78488756b559867e525506,"2026-08-09T09:29:43,491","2026-08-09T09:29:43,491",6a5b8bf7216d9ce22701983a,false
victoire,"[""berserker"",""lore-weaver"",""prima-donna"",""sage-of-storms"",""witch-doll""]","[""boommeister"",""rose-knight"",""don-guappo"",""demon-slayer"",""tracker""]",6a78488756b559867e525509,"2026-08-09T09:29:43,491","2026-08-09T09:29:43,491",6a5b8bf7216d9ce22701983a,false
victoire,"[""lore-weaver"",""demon-slayer"",""rose-knight"",""petite-devil"",""black-crow""]","[""lore-weaver"",""demon-slayer"",""rose-knight"",""petite-devil"",""tracker""]",6a78488756b559867e52550e,"2026-08-09T09:29:43,491","2026-08-09T09:29:43,491",6a5b8bf7216d9ce22701983a,false
victoire,"[""lore-weaver"",""berserker"",""snow-queen"",""incinerator"",""death-knight""]","[""tracker"",""rose-knight"",""don-guappo"",""boommeister"",""black-crow""]",6a78488756b559867e52551c,"2026-08-09T09:29:43,491","2026-08-09T09:29:43,491",6a5b8bf7216d9ce22701983a,false
victoire,"[""tracker"",""rose-knight"",""big-guy"",""boommeister"",""black-crow""]","[""tracker"",""demon-slayer"",""rose-knight"",""boommeister"",""black-crow""]",6a78488756b559867e52550d,"2026-08-09T09:29:43,491","2026-08-09T09:29:43,491",6a5b8bf7216d9ce22701983a,false
victoire,"[""lore-weaver"",""demon-slayer"",""rose-knight"",""incinerator"",""black-crow""]","[""lore-weaver"",""demon-slayer"",""rose-knight"",""tracker"",""witch-doll""]",6a78488756b559867e525510,"2026-08-09T09:29:43,491","2026-08-09T09:29:43,491",6a5b8bf7216d9ce22701983a,false
victoire,"[""lore-weaver"",""demon-slayer"",""rose-knight"",""incinerator"",""black-crow""]","[""lore-weaver"",""demon-slayer"",""rose-knight"",""boommeister"",""tracker""]",6a78488756b559867e525513,"2026-08-09T09:29:43,491","2026-08-09T09:29:43,491",6a5b8bf7216d9ce22701983a,false
victoire,"[""lore-weaver"",""demon-slayer"",""rose-knight"",""incinerator"",""black-crow""]","[""lore-weaver"",""demon-slayer"",""rose-knight"",""petite-devil"",""tracker""]",6a78488756b559867e52550f,"2026-08-09T09:29:43,491","2026-08-09T09:29:43,491",6a5b8bf7216d9ce22701983a,false
victoire,"[""black-crow"",""demon-slayer"",""incinerator"",""lore-weaver"",""rose-knight""]","[""lore-weaver"",""demon-slayer"",""rose-knight"",""witch-doll"",""tracker""]",6a78488756b559867e52551b,"2026-08-09T09:29:43,491","2026-08-09T09:29:43,491",6a5b8bf7216d9ce22701983a,false
victoire,"[""prima-donna"",""demon-slayer"",""rose-knight"",""tracker"",""witch-doll""]","[""lore-weaver"",""demon-slayer"",""rose-knight"",""witch-doll"",""tracker""]",6a78488756b559867e52550c,"2026-08-09T09:29:43,491","2026-08-09T09:29:43,491",6a5b8bf7216d9ce22701983a,false
victoire,"[""lore-weaver"",""demon-slayer"",""rose-knight"",""incinerator"",""black-crow""]","[""lore-weaver"",""demon-slayer"",""rose-knight"",""tracker"",""witch-doll""]",6a78488756b559867e525512,"2026-08-09T09:29:43,491","2026-08-09T09:29:43,491",6a5b8bf7216d9ce22701983a,false
victoire,"[""black-crow"",""demon-slayer"",""storm-fox"",""lore-weaver"",""rose-knight""]","[""lore-weaver"",""demon-slayer"",""rose-knight"",""witch-doll"",""tracker""]",6a78488756b559867e525515,"2026-08-09T09:29:43,491","2026-08-09T09:29:43,491",6a5b8bf7216d9ce22701983a,false
victoire,"[""boommeister"",""demon-slayer"",""don-guappo"",""incinerator"",""rose-knight""]","[""lore-weaver"",""demon-slayer"",""rose-knight"",""witch-doll"",""tracker""]",6a78488756b559867e52550a,"2026-08-09T09:29:43,491","2026-08-09T09:29:43,491",6a5b8bf7216d9ce22701983a,false
victoire,"[""boommeister"",""rose-knight"",""don-guappo"",""demon-slayer"",""lore-weaver""]","[""boommeister"",""rose-knight"",""don-guappo"",""demon-slayer"",""tracker""]",6a78488756b559867e525503,"2026-08-09T09:29:43,491","2026-08-09T09:29:43,491",6a5b8bf7216d9ce22701983a,false
victoire,"[""cursed-hunter"",""rose-knight"",""don-guappo"",""demon-slayer"",""boommeister""]","[""petite-devil"",""demon-slayer"",""rose-knight"",""witch-doll"",""lore-weaver""]",6a78488756b559867e525504,"2026-08-09T09:29:43,491","2026-08-09T09:29:43,491",6a5b8bf7216d9ce22701983a,false
victoire,"[""demon-slayer"",""lore-weaver"",""rose-knight"",""black-crow"",""witch-doll""]","[""lore-weaver"",""demon-slayer"",""rose-knight"",""witch-doll"",""tracker""]",6a78488756b559867e525508,"2026-08-09T09:29:43,491","2026-08-09T09:29:43,491",6a5b8bf7216d9ce22701983a,false
victoire,"[""lore-weaver"",""black-crow"",""berserker"",""incinerator"",""death-knight""]","[""boommeister"",""demon-slayer"",""rose-knight"",""witch-doll"",""tracker""]",6a78488756b559867e52551d,"2026-08-09T09:29:43,491","2026-08-09T09:29:43,491",6a5b8bf7216d9ce22701983a,false
victoire,"[""boommeister"",""don-guappo"",""prima-donna"",""rose-knight"",""tracker""]","[""tracker"",""rose-knight"",""don-guappo"",""boommeister"",""black-crow""]",6a78488756b559867e52551e,"2026-08-09T09:29:43,491","2026-08-09T09:29:43,491",6a5b8bf7216d9ce22701983a,false
victoire,"[""lore-weaver"",""demon-slayer"",""rose-knight"",""dark_magister"",""tracker""]","[""lore-weaver"",""demon-slayer"",""rose-knight"",""witch-doll"",""tracker""]",6a78488756b559867e525514,"2026-08-09T09:29:43,491","2026-08-09T09:29:43,491",6a5b8bf7216d9ce22701983a,false
victoire,"[""black-crow"",""demon-slayer"",""incinerator"",""lore-weaver"",""rose-knight""]","[""lore-weaver"",""demon-slayer"",""rose-knight"",""witch-doll"",""tracker""]",6a78488756b559867e525518,"2026-08-09T09:29:43,491","2026-08-09T09:29:43,491",6a5b8bf7216d9ce22701983a,false
victoire,"[""berserker"",""lore-weaver"",""prima-donna"",""sage-of-storms"",""witch-doll""]","[""boommeister"",""rose-knight"",""demon-slayer"",""tracker"",""don-guappo""]",6a78488756b559867e52551a,"2026-08-09T09:29:43,491","2026-08-09T09:29:43,491",6a5b8bf7216d9ce22701983a,false
victoire,"[""boommeister"",""demon-slayer"",""rose-knight"",""snow-queen"",""tracker""]","[""lore-weaver"",""demon-slayer"",""rose-knight"",""witch-doll"",""tracker""]",6a78488756b559867e5254fe,"2026-08-09T09:29:43,490","2026-08-09T09:29:43,490",6a5b8bf7216d9ce22701983a,false
victoire,"[""boommeister"",""rose-knight"",""don-guappo"",""demon-slayer"",""prima-donna""]","[""boommeister"",""demon-slayer"",""rose-knight"",""tracker"",""don-guappo""]",6a78488756b559867e5254d5,"2026-08-09T09:29:43,490","2026-08-09T09:29:43,490",6a5b8bf7216d9ce22701983a,false
victoire,"[""lore-weaver"",""rose-knight"",""don-guappo"",""boommeister"",""black-crow""]","[""tracker"",""rose-knight"",""don-guappo"",""boommeister"",""black-crow""]",6a78488756b559867e5254eb,"2026-08-09T09:29:43,490","2026-08-09T09:29:43,490",6a5b8bf7216d9ce22701983a,false
victoire,"[""boommeister"",""rose-knight"",""don-guappo"",""demon-slayer"",""tracker""]","[""demon-slayer"",""rose-knight"",""petite-devil"",""witch-doll"",""tracker""]",6a78488756b559867e5254fa,"2026-08-09T09:29:43,490","2026-08-09T09:29:43,490",6a5b8bf7216d9ce22701983a,false
victoire,"[""lore-weaver"",""demon-slayer"",""rose-knight"",""snow-queen"",""black-crow""]","[""lore-weaver"",""demon-slayer"",""rose-knight"",""witch-doll"",""tracker""]",6a78488756b559867e5254fb,"2026-08-09T09:29:43,490","2026-08-09T09:29:43,490",6a5b8bf7216d9ce22701983a,false
victoire,"[""lore-weaver"",""prima-donna"",""berserker"",""witch-doll"",""sage-of-storms""]","[""boommeister"",""rose-knight"",""tracker"",""demon-slayer"",""don-guappo""]",6a78488756b559867e5254da,"2026-08-09T09:29:43,490","2026-08-09T09:29:43,490",6a5b8bf7216d9ce22701983a,false
victoire,"[""trickster"",""rose-knight"",""don-guappo"",""boommeister"",""black-crow""]","[""trickster"",""boommeister"",""rose-knight"",""tracker"",""black-crow""]",6a78488756b559867e525500,"2026-08-09T09:29:43,490","2026-08-09T09:29:43,490",6a5b8bf7216d9ce22701983a,false
victoire,"[""boommeister"",""rose-knight"",""don-guappo"",""tracker"",""prima-donna""]","[""rose-knight"",""black-crow"",""boommeister"",""tracker"",""don-guappo""]",6a78488756b559867e5254d6,"2026-08-09T09:29:43,490","2026-08-09T09:29:43,490",6a5b8bf7216d9ce22701983a,false
victoire,"[""lore-weaver"",""rose-knight"",""don-guappo"",""petite-devil"",""black-crow""]","[""tracker"",""rose-knight"",""don-guappo"",""grove-guardian"",""black-crow""]",6a78488756b559867e5254ea,"2026-08-09T09:29:43,490","2026-08-09T09:29:43,490",6a5b8bf7216d9ce22701983a,false
victoire,"[""lore-weaver"",""prima-donna"",""berserker"",""witch-doll"",""sage-of-storms""]","[""boommeister"",""rose-knight"",""tracker"",""demon-slayer"",""don-guappo""]",6a78488756b559867e5254d7,"2026-08-09T09:29:43,490","2026-08-09T09:29:43,490",6a5b8bf7216d9ce22701983a,false
victoire,"[""black-crow"",""tracker"",""demon-slayer"",""cursed-hunter"",""rose-knight""]","[""lore-weaver"",""demon-slayer"",""rose-knight"",""witch-doll"",""tracker""]",6a78488756b559867e5254e6,"2026-08-09T09:29:43,490","2026-08-09T09:29:43,490",6a5b8bf7216d9ce22701983a,false
victoire,"[""tracker"",""snow-queen"",""rose-knight"",""prima-donna"",""black-crow""]","[""lore-weaver"",""demon-slayer"",""rose-knight"",""witch-doll"",""tracker""]",6a78488756b559867e5254e8,"2026-08-09T09:29:43,490","2026-08-09T09:29:43,490",6a5b8bf7216d9ce22701983a,false
victoire,"[""sea-squire"",""demon-slayer"",""rose-knight"",""witch-doll"",""lore-weaver""]","[""demon-slayer"",""rose-knight"",""lore-weaver"",""tracker"",""witch-doll""]",6a78488756b559867e5254f8,"2026-08-09T09:29:43,490","2026-08-09T09:29:43,490",6a5b8bf7216d9ce22701983a,false
victoire,"[""tracker"",""snow-queen"",""rose-knight"",""lore-weaver"",""black-crow""]","[""lore-weaver"",""demon-slayer"",""rose-knight"",""witch-doll"",""tracker""]",6a78488756b559867e5254f1,"2026-08-09T09:29:43,490","2026-08-09T09:29:43,490",6a5b8bf7216d9ce22701983a,false
victoire,"[""petite-devil"",""witch-doll"",""rose-knight"",""sea-squire"",""lore-weaver""]","[""petite-devil"",""demon-slayer"",""rose-knight"",""lore-weaver"",""tracker""]",6a78488756b559867e5254f7,"2026-08-09T09:29:43,490","2026-08-09T09:29:43,490",6a5b8bf7216d9ce22701983a,false
victoire,"[""tracker"",""rose-knight"",""don-guappo"",""boommeister"",""black-crow""]","[""boommeister"",""rose-knight"",""don-guappo"",""demon-slayer"",""tracker""]",6a78488756b559867e5254ff,"2026-08-09T09:29:43,490","2026-08-09T09:29:43,490",6a5b8bf7216d9ce22701983a,false
victoire,"[""lore-weaver"",""black-crow"",""demon-slayer"",""witch-doll"",""rose-knight""]","[""lore-weaver"",""demon-slayer"",""rose-knight"",""witch-doll"",""tracker""]",6a78488756b559867e5254e3,"2026-08-09T09:29:43,490","2026-08-09T09:29:43,490",6a5b8bf7216d9ce22701983a,false
victoire,"[""black-crow"",""tracker"",""demon-slayer"",""shade"",""rose-knight""]","[""lore-weaver"",""demon-slayer"",""rose-knight"",""witch-doll"",""tracker""]",6a78488756b559867e5254e7,"2026-08-09T09:29:43,490","2026-08-09T09:29:43,490",6a5b8bf7216d9ce22701983a,false
victoire,"[""tracker"",""rose-knight"",""death-knight"",""boommeister"",""black-crow""]","[""boommeister"",""demon-slayer"",""rose-knight"",""shade"",""tracker""]",6a78488756b559867e5254fd,"2026-08-09T09:29:43,490","2026-08-09T09:29:43,490",6a5b8bf7216d9ce22701983a,false
victoire,"[""snow-queen"",""black-crow"",""rose-knight"",""tracker"",""lore-weaver""]","[""tracker"",""rose-knight"",""black-crow"",""boommeister"",""holy-sword""]",6a78488756b559867e5254de,"2026-08-09T09:29:43,490","2026-08-09T09:29:43,490",6a5b8bf7216d9ce22701983a,false
victoire,"[""lore-weaver"",""demon-slayer"",""rose-knight"",""witch-doll"",""black-crow""]","[""lore-weaver"",""demon-slayer"",""rose-knight"",""witch-doll"",""tracker""]",6a78488756b559867e5254e2,"2026-08-09T09:29:43,490","2026-08-09T09:29:43,490",6a5b8bf7216d9ce22701983a,false
victoire,"[""rose-knight"",""sea-squire"",""dark_magister"",""incinerator"",""sage-of-storms""]","[""boommeister"",""don-guappo"",""big-guy"",""rose-knight"",""tracker""]",6a78488756b559867e5254e5,"2026-08-09T09:29:43,490","2026-08-09T09:29:43,490",6a5b8bf7216d9ce22701983a,false
victoire,"[""lore-weaver"",""demon-slayer"",""rose-knight"",""witch-doll"",""tracker""]","[""lore-weaver"",""demon-slayer"",""rose-knight"",""tracker"",""snow-queen""]",6a78488756b559867e5254f5,"2026-08-09T09:29:43,490","2026-08-09T09:29:43,490",6a5b8bf7216d9ce22701983a,false
victoire,"[""tracker"",""snow-queen"",""rose-knight"",""lore-weaver"",""black-crow""]","[""tracker"",""demon-slayer"",""rose-knight"",""lore-weaver"",""black-crow""]",6a78488756b559867e5254ed,"2026-08-09T09:29:43,490","2026-08-09T09:29:43,490",6a5b8bf7216d9ce22701983a,false
victoire,"[""lore-weaver"",""prima-donna"",""berserker"",""witch-doll"",""sage-of-storms""]","[""boommeister"",""rose-knight"",""tracker"",""demon-slayer"",""don-guappo""]",6a78488756b559867e5254d8,"2026-08-09T09:29:43,490","2026-08-09T09:29:43,490",6a5b8bf7216d9ce22701983a,false
victoire,"[""boommeister"",""rose-knight"",""demon-slayer"",""don-guappo"",""prima-donna""]","[""boommeister"",""rose-knight"",""demon-slayer"",""tracker"",""don-guappo""]",6a78488756b559867e5254db,"2026-08-09T09:29:43,490","2026-08-09T09:29:43,490",6a5b8bf7216d9ce22701983a,false
victoire,"[""lore-weaver"",""soul-forger"",""snow-queen"",""incinerator"",""storm-fox""]","[""boommeister"",""black-crow"",""tracker"",""rose-knight"",""death-knight""]",6a78488756b559867e5254df,"2026-08-09T09:29:43,490","2026-08-09T09:29:43,490",6a5b8bf7216d9ce22701983a,false
victoire,"[""boommeister"",""rose-knight"",""don-guappo"",""storm-fox"",""black-crow""]","[""tracker"",""rose-knight"",""don-guappo"",""boommeister"",""black-crow""]",6a78488756b559867e5254e1,"2026-08-09T09:29:43,490","2026-08-09T09:29:43,490",6a5b8bf7216d9ce22701983a,false
victoire,"[""boommeister"",""rose-knight"",""don-guappo"",""scarlet-bolt"",""tracker""]","[""petite-devil"",""don-guappo"",""berserker"",""rose-knight"",""lore-weaver""]",6a78488756b559867e5254ee,"2026-08-09T09:29:43,490","2026-08-09T09:29:43,490",6a5b8bf7216d9ce22701983a,false
victoire,"[""tracker"",""rose-knight"",""death-knight"",""boommeister"",""black-crow""]","[""boommeister"",""rose-knight"",""don-guappo"",""demon-slayer"",""tracker""]",6a78488756b559867e5254ef,"2026-08-09T09:29:43,490","2026-08-09T09:29:43,490",6a5b8bf7216d9ce22701983a,false
victoire,"[""boommeister"",""demon-slayer"",""rose-knight"",""shade"",""tracker""]","[""lore-weaver"",""demon-slayer"",""rose-knight"",""witch-doll"",""tracker""]",6a78488756b559867e525501,"2026-08-09T09:29:43,490","2026-08-09T09:29:43,491",6a5b8bf7216d9ce22701983a,false
victoire,"[""boommeister"",""black-crow"",""rose-knight"",""tracker"",""soul-forger""]","[""boommeister"",""black-crow"",""rose-knight"",""tracker"",""death-knight""]",6a78488756b559867e5254dd,"2026-08-09T09:29:43,490","2026-08-09T09:29:43,490",6a5b8bf7216d9ce22701983a,false
victoire,"[""rose-knight"",""demon-slayer"",""magmaroid"",""black-crow"",""tracker""]","[""lore-weaver"",""demon-slayer"",""rose-knight"",""witch-doll"",""tracker""]",6a78488756b559867e5254e4,"2026-08-09T09:29:43,490","2026-08-09T09:29:43,490",6a5b8bf7216d9ce22701983a,false
victoire,"[""snow-queen"",""demon-slayer"",""rose-knight"",""witch-doll"",""lore-weaver""]","[""lore-weaver"",""demon-slayer"",""rose-knight"",""snow-queen"",""tracker""]",6a78488756b559867e5254e9,"2026-08-09T09:29:43,490","2026-08-09T09:29:43,490",6a5b8bf7216d9ce22701983a,false
victoire,"[""boommeister"",""rose-knight"",""death-knight"",""snow-queen"",""tracker""]","[""boommeister"",""rose-knight"",""death-knight"",""incinerator"",""tracker""]",6a78488756b559867e5254ec,"2026-08-09T09:29:43,490","2026-08-09T09:29:43,490",6a5b8bf7216d9ce22701983a,false
victoire,"[""trickster"",""rose-knight"",""death-knight"",""boommeister"",""black-crow""]","[""snow-queen"",""demon-slayer"",""rose-knight"",""witch-doll"",""lore-weaver""]",6a78488756b559867e5254f2,"2026-08-09T09:29:43,490","2026-08-09T09:29:43,490",6a5b8bf7216d9ce22701983a,false
victoire,"[""tracker"",""snow-queen"",""rose-knight"",""lore-weaver"",""black-crow""]","[""tracker"",""holy-sword"",""rose-knight"",""boommeister"",""black-crow""]",6a78488756b559867e5254f3,"2026-08-09T09:29:43,490","2026-08-09T09:29:43,490",6a5b8bf7216d9ce22701983a,false
victoire,"[""sea-squire"",""demon-slayer"",""rose-knight"",""witch-doll"",""lore-weaver""]","[""demon-slayer"",""rose-knight"",""lore-weaver"",""tracker"",""witch-doll""]",6a78488756b559867e5254f9,"2026-08-09T09:29:43,490","2026-08-09T09:29:43,490",6a5b8bf7216d9ce22701983a,false
victoire,"[""lore-weaver"",""prima-donna"",""berserker"",""witch-doll"",""sage-of-storms""]","[""boommeister"",""rose-knight"",""tracker"",""demon-slayer"",""don-guappo""]",6a78488756b559867e5254d9,"2026-08-09T09:29:43,490","2026-08-09T09:29:43,490",6a5b8bf7216d9ce22701983a,false
victoire,"[""boommeister"",""rose-knight"",""tracker"",""don-guappo"",""prima-donna""]","[""boommeister"",""black-crow"",""rose-knight"",""tracker"",""don-guappo""]",6a78488756b559867e5254dc,"2026-08-09T09:29:43,490","2026-08-09T09:29:43,490",6a5b8bf7216d9ce22701983a,false
victoire,"[""grove-guardian"",""demon-slayer"",""rose-knight"",""prima-donna"",""tracker""]","[""lore-weaver"",""rose-knight"",""tracker"",""demon-slayer"",""witch-doll""]",6a78488756b559867e5254e0,"2026-08-09T09:29:43,490","2026-08-09T09:29:43,490",6a5b8bf7216d9ce22701983a,false
victoire,"[""lore-weaver"",""rose-knight"",""don-guappo"",""petite-devil"",""tracker""]","[""lore-weaver"",""rose-knight"",""don-guappo"",""demon-slayer"",""black-crow""]",6a78488756b559867e5254f0,"2026-08-09T09:29:43,490","2026-08-09T09:29:43,490",6a5b8bf7216d9ce22701983a,false
victoire,"[""petite-devil"",""rose-knight"",""don-guappo"",""witch-doll"",""lore-weaver""]","[""lore-weaver"",""demon-slayer"",""rose-knight"",""witch-doll"",""tracker""]",6a78488756b559867e5254f4,"2026-08-09T09:29:43,490","2026-08-09T09:29:43,490",6a5b8bf7216d9ce22701983a,false
victoire,"[""petite-devil"",""rose-knight"",""don-guappo"",""witch-doll"",""lore-weaver""]","[""petite-devil"",""demon-slayer"",""rose-knight"",""witch-doll"",""lore-weaver""]",6a78488756b559867e5254f6,"2026-08-09T09:29:43,490","2026-08-09T09:29:43,490",6a5b8bf7216d9ce22701983a,false
victoire,"[""tracker"",""rose-knight"",""child-of-light"",""boommeister"",""black-crow""]","[""tracker"",""demon-slayer"",""rose-knight"",""boommeister"",""black-crow""]",6a78488756b559867e5254fc,"2026-08-09T09:29:43,490","2026-08-09T09:29:43,490",6a5b8bf7216d9ce22701983a,false
victoire,"[""petite-devil"",""rose-knight"",""don-guappo"",""witch-doll"",""lore-weaver""]","[""lore-weaver"",""demon-slayer"",""rose-knight"",""witch-doll"",""tracker""]",6a7847cc4ce34fbbe87d91cc,"2026-08-09T09:26:36,828","2026-08-09T09:26:36,828",6a5b8bf7216d9ce22701983a,false
victoire,"[""boommeister"",""rose-knight"",""don-guappo"",""demon-slayer"",""lore-weaver""]","[""boommeister"",""rose-knight"",""don-guappo"",""demon-slayer"",""tracker""]",6a7847cc4ce34fbbe87d91db,"2026-08-09T09:26:36,828","2026-08-09T09:26:36,828",6a5b8bf7216d9ce22701983a,false
victoire,"[""cursed-hunter"",""rose-knight"",""don-guappo"",""demon-slayer"",""boommeister""]","[""petite-devil"",""demon-slayer"",""rose-knight"",""witch-doll"",""lore-weaver""]",6a7847cc4ce34fbbe87d91dc,"2026-08-09T09:26:36,828","2026-08-09T09:26:36,828",6a5b8bf7216d9ce22701983a,false
defaite,"[""lore-weaver"",""boommeister"",""rose-knight"",""incinerator"",""demon-slayer""]","[""lore-weaver"",""demon-slayer"",""rose-knight"",""witch-doll"",""tracker""]",6a7847cc4ce34fbbe87d91b0,"2026-08-09T09:26:36,828","2026-08-09T09:26:36,828",6a5b8bf7216d9ce22701983a,false
defaite,"[""lore-weaver"",""tracker"",""rose-knight"",""magmaroid"",""demon-slayer""]","[""lore-weaver"",""demon-slayer"",""rose-knight"",""witch-doll"",""tracker""]",6a7847cc4ce34fbbe87d91b3,"2026-08-09T09:26:36,828","2026-08-09T09:26:36,828",6a5b8bf7216d9ce22701983a,false
victoire,"[""boommeister"",""rose-knight"",""don-guappo"",""scarlet-bolt"",""tracker""]","[""petite-devil"",""don-guappo"",""berserker"",""rose-knight"",""lore-weaver""]",6a7847cc4ce34fbbe87d91c6,"2026-08-09T09:26:36,828","2026-08-09T09:26:36,828",6a5b8bf7216d9ce22701983a,false
defaite,"[""boommeister"",""rose-knight"",""cursed-hunter"",""lore-weaver"",""black-crow""]","[""demon-slayer"",""rose-knight"",""witch-doll"",""tracker"",""lore-weaver""]",6a7847cc4ce34fbbe87d91e4,"2026-08-09T09:26:36,828","2026-08-09T09:26:36,828",6a5b8bf7216d9ce22701983a,false
defaite,"[""storm-fox"",""sea-squire"",""dark_magister"",""incinerator"",""sage-of-storms""]","[""boommeister"",""don-guappo"",""big-guy"",""rose-knight"",""tracker""]",6a7847cc4ce34fbbe87d91b8,"2026-08-09T09:26:36,828","2026-08-09T09:26:36,828",6a5b8bf7216d9ce22701983a,false
victoire,"[""black-crow"",""tracker"",""demon-slayer"",""cursed-hunter"",""rose-knight""]","[""lore-weaver"",""demon-slayer"",""rose-knight"",""witch-doll"",""tracker""]",6a7847cc4ce34fbbe87d91bb,"2026-08-09T09:26:36,828","2026-08-09T09:26:36,828",6a5b8bf7216d9ce22701983a,false
victoire,"[""boommeister"",""rose-knight"",""death-knight"",""snow-queen"",""tracker""]","[""boommeister"",""rose-knight"",""death-knight"",""incinerator"",""tracker""]",6a7847cc4ce34fbbe87d91c4,"2026-08-09T09:26:36,828","2026-08-09T09:26:36,828",6a5b8bf7216d9ce22701983a,false
victoire,"[""trickster"",""rose-knight"",""don-guappo"",""boommeister"",""black-crow""]","[""trickster"",""boommeister"",""rose-knight"",""tracker"",""black-crow""]",6a7847cc4ce34fbbe87d91d8,"2026-08-09T09:26:36,828","2026-08-09T09:26:36,828",6a5b8bf7216d9ce22701983a,false
victoire,"[""rose-knight"",""demon-slayer"",""magmaroid"",""black-crow"",""tracker""]","[""lore-weaver"",""demon-slayer"",""rose-knight"",""witch-doll"",""tracker""]",6a7847cc4ce34fbbe87d91b7,"2026-08-09T09:26:36,828","2026-08-09T09:26:36,828",6a5b8bf7216d9ce22701983a,false
victoire,"[""tracker"",""snow-queen"",""rose-knight"",""lore-weaver"",""black-crow""]","[""tracker"",""demon-slayer"",""rose-knight"",""lore-weaver"",""black-crow""]",6a7847cc4ce34fbbe87d91c5,"2026-08-09T09:26:36,828","2026-08-09T09:26:36,828",6a5b8bf7216d9ce22701983a,false
victoire,"[""trickster"",""rose-knight"",""death-knight"",""boommeister"",""black-crow""]","[""snow-queen"",""demon-slayer"",""rose-knight"",""witch-doll"",""lore-weaver""]",6a7847cc4ce34fbbe87d91ca,"2026-08-09T09:26:36,828","2026-08-09T09:26:36,828",6a5b8bf7216d9ce22701983a,false
defaite,"[""demon-slayer"",""lore-weaver"",""rose-knight"",""sea-squire"",""snow-queen""]","[""lore-weaver"",""demon-slayer"",""rose-knight"",""witch-doll"",""tracker""]",6a7847cc4ce34fbbe87d91e5,"2026-08-09T09:26:36,828","2026-08-09T09:26:36,828",6a5b8bf7216d9ce22701983a,false
victoire,"[""berserker"",""lore-weaver"",""prima-donna"",""sage-of-storms"",""witch-doll""]","[""boommeister"",""rose-knight"",""don-guappo"",""demon-slayer"",""tracker""]",6a7847cc4ce34fbbe87d91e9,"2026-08-09T09:26:36,828","2026-08-09T09:26:36,828",6a5b8bf7216d9ce22701983a,false
victoire,"[""tracker"",""snow-queen"",""rose-knight"",""prima-donna"",""black-crow""]","[""lore-weaver"",""demon-slayer"",""rose-knight"",""witch-doll"",""tracker""]",6a7847cc4ce34fbbe87d91c0,"2026-08-09T09:26:36,828","2026-08-09T09:26:36,828",6a5b8bf7216d9ce22701983a,false
victoire,"[""boommeister"",""rose-knight"",""don-guappo"",""demon-slayer"",""tracker""]","[""demon-slayer"",""rose-knight"",""petite-devil"",""witch-doll"",""tracker""]",6a7847cc4ce34fbbe87d91d2,"2026-08-09T09:26:36,828","2026-08-09T09:26:36,828",6a5b8bf7216d9ce22701983a,false
victoire,"[""tracker"",""rose-knight"",""don-guappo"",""boommeister"",""black-crow""]","[""boommeister"",""rose-knight"",""don-guappo"",""demon-slayer"",""tracker""]",6a7847cc4ce34fbbe87d91d7,"2026-08-09T09:26:36,828","2026-08-09T09:26:36,828",6a5b8bf7216d9ce22701983a,false
victoire,"[""snow-queen"",""demon-slayer"",""rose-knight"",""witch-doll"",""lore-weaver""]","[""lore-weaver"",""demon-slayer"",""rose-knight"",""snow-queen"",""tracker""]",6a7847cc4ce34fbbe87d91c1,"2026-08-09T09:26:36,828","2026-08-09T09:26:36,828",6a5b8bf7216d9ce22701983a,false
victoire,"[""sea-squire"",""demon-slayer"",""rose-knight"",""witch-doll"",""lore-weaver""]","[""demon-slayer"",""rose-knight"",""lore-weaver"",""tracker"",""witch-doll""]",6a7847cc4ce34fbbe87d91d0,"2026-08-09T09:26:36,828","2026-08-09T09:26:36,828",6a5b8bf7216d9ce22701983a,false
victoire,"[""demon-slayer"",""lore-weaver"",""rose-knight"",""black-crow"",""witch-doll""]","[""lore-weaver"",""demon-slayer"",""rose-knight"",""witch-doll"",""tracker""]",6a7847cc4ce34fbbe87d91e8,"2026-08-09T09:26:36,828","2026-08-09T09:26:36,828",6a5b8bf7216d9ce22701983a,false
defaite,"[""boommeister"",""demon-slayer"",""prima-donna"",""don-guappo"",""rose-knight""]","[""lore-weaver"",""demon-slayer"",""rose-knight"",""witch-doll"",""tracker""]",6a7847cc4ce34fbbe87d91ed,"2026-08-09T09:26:36,828","2026-08-09T09:26:36,828",6a5b8bf7216d9ce22701983a,false
victoire,"[""rose-knight"",""sea-squire"",""dark_magister"",""incinerator"",""sage-of-storms""]","[""boommeister"",""don-guappo"",""big-guy"",""rose-knight"",""tracker""]",6a7847cc4ce34fbbe87d91b9,"2026-08-09T09:26:36,828","2026-08-09T09:26:36,828",6a5b8bf7216d9ce22701983a,false
victoire,"[""petite-devil"",""witch-doll"",""rose-knight"",""sea-squire"",""lore-weaver""]","[""petite-devil"",""demon-slayer"",""rose-knight"",""lore-weaver"",""tracker""]",6a7847cc4ce34fbbe87d91cf,"2026-08-09T09:26:36,828","2026-08-09T09:26:36,828",6a5b8bf7216d9ce22701983a,false
victoire,"[""lore-weaver"",""demon-slayer"",""rose-knight"",""snow-queen"",""black-crow""]","[""lore-weaver"",""demon-slayer"",""rose-knight"",""witch-doll"",""tracker""]",6a7847cc4ce34fbbe87d91d3,"2026-08-09T09:26:36,828","2026-08-09T09:26:36,828",6a5b8bf7216d9ce22701983a,false
victoire,"[""boommeister"",""demon-slayer"",""rose-knight"",""shade"",""tracker""]","[""lore-weaver"",""demon-slayer"",""rose-knight"",""witch-doll"",""tracker""]",6a7847cc4ce34fbbe87d91d9,"2026-08-09T09:26:36,828","2026-08-09T09:26:36,828",6a5b8bf7216d9ce22701983a,false
defaite,"[""demon-slayer"",""lore-weaver"",""rose-knight"",""shade"",""witch-doll""]","[""lore-weaver"",""demon-slayer"",""rose-knight"",""witch-doll"",""tracker""]",6a7847cc4ce34fbbe87d91e7,"2026-08-09T09:26:36,828","2026-08-09T09:26:36,828",6a5b8bf7216d9ce22701983a,false
defaite,"[""prima-donna"",""tracker"",""rose-knight"",""incinerator"",""demon-slayer""]","[""lore-weaver"",""demon-slayer"",""rose-knight"",""witch-doll"",""tracker""]",6a7847cc4ce34fbbe87d91b2,"2026-08-09T09:26:36,828","2026-08-09T09:26:36,828",6a5b8bf7216d9ce22701983a,false
victoire,"[""tracker"",""rose-knight"",""death-knight"",""boommeister"",""black-crow""]","[""boommeister"",""rose-knight"",""don-guappo"",""demon-slayer"",""tracker""]",6a7847cc4ce34fbbe87d91c7,"2026-08-09T09:26:36,828","2026-08-09T09:26:36,828",6a5b8bf7216d9ce22701983a,false
victoire,"[""boommeister"",""rose-knight"",""don-guappo"",""demon-slayer"",""prima-donna""]","[""boommeister"",""rose-knight"",""don-guappo"",""demon-slayer"",""tracker""]",6a7847cc4ce34fbbe87d91df,"2026-08-09T09:26:36,828","2026-08-09T09:26:36,828",6a5b8bf7216d9ce22701983a,false
defaite,"[""lore-weaver"",""demon-slayer"",""rose-knight"",""incinerator"",""witch-doll""]","[""lore-weaver"",""demon-slayer"",""rose-knight"",""witch-doll"",""tracker""]",6a7847cc4ce34fbbe87d91bf,"2026-08-09T09:26:36,828","2026-08-09T09:26:36,828",6a5b8bf7216d9ce22701983a,false
victoire,"[""lore-weaver"",""demon-slayer"",""rose-knight"",""witch-doll"",""tracker""]","[""lore-weaver"",""demon-slayer"",""rose-knight"",""tracker"",""snow-queen""]",6a7847cc4ce34fbbe87d91cd,"2026-08-09T09:26:36,828","2026-08-09T09:26:36,828",6a5b8bf7216d9ce22701983a,false
victoire,"[""sea-squire"",""demon-slayer"",""rose-knight"",""witch-doll"",""lore-weaver""]","[""demon-slayer"",""rose-knight"",""lore-weaver"",""tracker"",""witch-doll""]",6a7847cc4ce34fbbe87d91d1,"2026-08-09T09:26:36,828","2026-08-09T09:26:36,828",6a5b8bf7216d9ce22701983a,false
victoire,"[""boommeister"",""rose-knight"",""don-guappo"",""demon-slayer"",""lore-weaver""]","[""lore-weaver"",""demon-slayer"",""rose-knight"",""boommeister"",""tracker""]",6a7847cc4ce34fbbe87d91dd,"2026-08-09T09:26:36,828","2026-08-09T09:26:36,828",6a5b8bf7216d9ce22701983a,false
defaite,"[""lore-weaver"",""tracker"",""rose-knight"",""incinerator"",""demon-slayer""]","[""lore-weaver"",""demon-slayer"",""rose-knight"",""witch-doll"",""tracker""]",6a7847cc4ce34fbbe87d91b1,"2026-08-09T09:26:36,828","2026-08-09T09:26:36,828",6a5b8bf7216d9ce22701983a,false
defaite,"[""prima-donna"",""tracker"",""rose-knight"",""magmaroid"",""demon-slayer""]","[""lore-weaver"",""demon-slayer"",""rose-knight"",""witch-doll"",""tracker""]",6a7847cc4ce34fbbe87d91b4,"2026-08-09T09:26:36,828","2026-08-09T09:26:36,828",6a5b8bf7216d9ce22701983a,false
victoire,"[""lore-weaver"",""rose-knight"",""don-guappo"",""petite-devil"",""tracker""]","[""lore-weaver"",""rose-knight"",""don-guappo"",""demon-slayer"",""black-crow""]",6a7847cc4ce34fbbe87d91c8,"2026-08-09T09:26:36,828","2026-08-09T09:26:36,828",6a5b8bf7216d9ce22701983a,false
victoire,"[""tracker"",""snow-queen"",""rose-knight"",""lore-weaver"",""black-crow""]","[""lore-weaver"",""demon-slayer"",""rose-knight"",""witch-doll"",""tracker""]",6a7847cc4ce34fbbe87d91c9,"2026-08-09T09:26:36,828","2026-08-09T09:26:36,828",6a5b8bf7216d9ce22701983a,false
defaite,"[""prima-donna"",""demon-slayer"",""rose-knight"",""don-guappo"",""black-crow""]","[""prima-donna"",""demon-slayer"",""rose-knight"",""witch-doll"",""tracker""]",6a7847cc4ce34fbbe87d91e0,"2026-08-09T09:26:36,828","2026-08-09T09:26:36,828",6a5b8bf7216d9ce22701983a,false
defaite,"[""black-crow"",""demon-slayer"",""lore-weaver"",""rose-knight"",""witch-doll""]","[""lore-weaver"",""demon-slayer"",""rose-knight"",""witch-doll"",""tracker""]",6a7847cc4ce34fbbe87d91ea,"2026-08-09T09:26:36,828","2026-08-09T09:26:36,828",6a5b8bf7216d9ce22701983a,false
victoire,"[""tracker"",""rose-knight"",""death-knight"",""boommeister"",""black-crow""]","[""boommeister"",""demon-slayer"",""rose-knight"",""shade"",""tracker""]",6a7847cc4ce34fbbe87d91d5,"2026-08-09T09:26:36,828","2026-08-09T09:26:36,828",6a5b8bf7216d9ce22701983a,false
defaite,"[""lore-weaver"",""demon-slayer"",""magmaroid"",""black-crow"",""tracker""]","[""lore-weaver"",""demon-slayer"",""rose-knight"",""witch-doll"",""tracker""]",6a7847cc4ce34fbbe87d91b6,"2026-08-09T09:26:36,828","2026-08-09T09:26:36,828",6a5b8bf7216d9ce22701983a,false
defaite,"[""cursed-hunter"",""don-guappo"",""rose-knight"",""incinerator"",""shade""]","[""prima-donna"",""demon-slayer"",""rose-knight"",""witch-doll"",""tracker""]",6a7847cc4ce34fbbe87d91bd,"2026-08-09T09:26:36,828","2026-08-09T09:26:36,828",6a5b8bf7216d9ce22701983a,false
defaite,"[""boommeister"",""don-guappo"",""rose-knight"",""incinerator"",""black-crow""]","[""prima-donna"",""demon-slayer"",""rose-knight"",""witch-doll"",""tracker""]",6a7847cc4ce34fbbe87d91e1,"2026-08-09T09:26:36,828","2026-08-09T09:26:36,828",6a5b8bf7216d9ce22701983a,false
defaite,"[""boommeister"",""don-guappo"",""shade"",""demon-slayer"",""black-crow""]","[""lore-weaver"",""demon-slayer"",""rose-knight"",""witch-doll"",""tracker""]",6a7847cc4ce34fbbe87d91e6,"2026-08-09T09:26:36,828","2026-08-09T09:26:36,828",6a5b8bf7216d9ce22701983a,false
defaite,"[""demon-slayer"",""lore-weaver"",""rose-knight"",""sea-squire"",""witch-doll""]","[""lore-weaver"",""demon-slayer"",""rose-knight"",""witch-doll"",""tracker""]",6a7847cc4ce34fbbe87d91ec,"2026-08-09T09:26:36,828","2026-08-09T09:26:36,828",6a5b8bf7216d9ce22701983a,false
defaite,"[""lore-weaver"",""demon-slayer"",""rose-knight"",""black-crow"",""tracker""]","[""lore-weaver"",""demon-slayer"",""rose-knight"",""witch-doll"",""tracker""]",6a7847cc4ce34fbbe87d91b5,"2026-08-09T09:26:36,828","2026-08-09T09:26:36,828",6a5b8bf7216d9ce22701983a,false
defaite,"[""lore-weaver"",""demon-slayer"",""rose-knight"",""incinerator"",""black-crow""]","[""lore-weaver"",""demon-slayer"",""rose-knight"",""witch-doll"",""tracker""]",6a7847cc4ce34fbbe87d91ba,"2026-08-09T09:26:36,828","2026-08-09T09:26:36,828",6a5b8bf7216d9ce22701983a,false
defaite,"[""prima-donna"",""demon-slayer"",""rose-knight"",""scarlet-bolt"",""tracker""]","[""prima-donna"",""demon-slayer"",""rose-knight"",""witch-doll"",""tracker""]",6a7847cc4ce34fbbe87d91be,"2026-08-09T09:26:36,828","2026-08-09T09:26:36,828",6a5b8bf7216d9ce22701983a,false
victoire,"[""lore-weaver"",""rose-knight"",""don-guappo"",""petite-devil"",""black-crow""]","[""tracker"",""rose-knight"",""don-guappo"",""grove-guardian"",""black-crow""]",6a7847cc4ce34fbbe87d91c2,"2026-08-09T09:26:36,828","2026-08-09T09:26:36,828",6a5b8bf7216d9ce22701983a,false
victoire,"[""petite-devil"",""rose-knight"",""don-guappo"",""witch-doll"",""lore-weaver""]","[""petite-devil"",""demon-slayer"",""rose-knight"",""witch-doll"",""lore-weaver""]",6a7847cc4ce34fbbe87d91ce,"2026-08-09T09:26:36,828","2026-08-09T09:26:36,828",6a5b8bf7216d9ce22701983a,false
victoire,"[""tracker"",""rose-knight"",""child-of-light"",""boommeister"",""black-crow""]","[""tracker"",""demon-slayer"",""rose-knight"",""boommeister"",""black-crow""]",6a7847cc4ce34fbbe87d91d4,"2026-08-09T09:26:36,828","2026-08-09T09:26:36,828",6a5b8bf7216d9ce22701983a,false
defaite,"[""demon-slayer"",""lore-weaver"",""rose-knight"",""sea-squire"",""witch-doll""]","[""demon-slayer"",""rose-knight"",""witch-doll"",""tracker"",""lore-weaver""]",6a7847cc4ce34fbbe87d91e2,"2026-08-09T09:26:36,828","2026-08-09T09:26:36,828",6a5b8bf7216d9ce22701983a,false
victoire,"[""boommeister"",""demon-slayer"",""rose-knight"",""snow-queen"",""tracker""]","[""lore-weaver"",""demon-slayer"",""rose-knight"",""witch-doll"",""tracker""]",6a7847cc4ce34fbbe87d91d6,"2026-08-09T09:26:36,828","2026-08-09T09:26:36,828",6a5b8bf7216d9ce22701983a,false
victoire,"[""prima-donna"",""rose-knight"",""don-guappo"",""boommeister"",""tracker""]","[""tracker"",""rose-knight"",""don-guappo"",""boommeister"",""black-crow""]",6a7847cc4ce34fbbe87d91de,"2026-08-09T09:26:36,828","2026-08-09T09:26:36,828",6a5b8bf7216d9ce22701983a,false
victoire,"[""tracker"",""snow-queen"",""rose-knight"",""lore-weaver"",""black-crow""]","[""tracker"",""holy-sword"",""rose-knight"",""boommeister"",""black-crow""]",6a7847cc4ce34fbbe87d91cb,"2026-08-09T09:26:36,828","2026-08-09T09:26:36,828",6a5b8bf7216d9ce22701983a,false
victoire,"[""black-crow"",""tracker"",""demon-slayer"",""shade"",""rose-knight""]","[""lore-weaver"",""demon-slayer"",""rose-knight"",""witch-doll"",""tracker""]",6a7847cc4ce34fbbe87d91bc,"2026-08-09T09:26:36,828","2026-08-09T09:26:36,828",6a5b8bf7216d9ce22701983a,false
victoire,"[""lore-weaver"",""rose-knight"",""don-guappo"",""boommeister"",""black-crow""]","[""tracker"",""rose-knight"",""don-guappo"",""boommeister"",""black-crow""]",6a7847cc4ce34fbbe87d91c3,"2026-08-09T09:26:36,828","2026-08-09T09:26:36,828",6a5b8bf7216d9ce22701983a,false
victoire,"[""boommeister"",""demon-slayer"",""rose-knight"",""scarlet-bolt"",""lore-weaver""]","[""lore-weaver"",""demon-slayer"",""rose-knight"",""witch-doll"",""tracker""]",6a7847cc4ce34fbbe87d91da,"2026-08-09T09:26:36,828","2026-08-09T09:26:36,828",6a5b8bf7216d9ce22701983a,false
defaite,"[""boommeister"",""rose-knight"",""cursed-hunter"",""incinerator"",""black-crow""]","[""demon-slayer"",""rose-knight"",""witch-doll"",""tracker"",""lore-weaver""]",6a7847cc4ce34fbbe87d91e3,"2026-08-09T09:26:36,828","2026-08-09T09:26:36,828",6a5b8bf7216d9ce22701983a,false
defaite,"[""boommeister"",""don-guappo"",""scarlet-bolt"",""prima-donna"",""berserker""]","[""lore-weaver"",""demon-slayer"",""rose-knight"",""witch-doll"",""tracker""]",6a7847cc4ce34fbbe87d91eb,"2026-08-09T09:26:36,828","2026-08-09T09:26:36,828",6a5b8bf7216d9ce22701983a,false
defaite,"[""lore-weaver"",""oath-keeper"",""snow-queen"",""incinerator"",""witch-doll""]","[""tracker"",""boommeister"",""don-guappo"",""rose-knight"",""black-crow""]",6a7847cc4ce34fbbe87d91a7,"2026-08-09T09:26:36,827","2026-08-09T09:26:36,827",6a5b8bf7216d9ce22701983a,false
defaite,"[""witch-doll"",""twilight-priestess"",""prima-donna"",""sage-of-storms"",""necroduke""]","[""death-knight"",""rose-knight"",""boommeister"",""black-crow"",""tracker""]",6a7847cc4ce34fbbe87d9196,"2026-08-09T09:26:36,827","2026-08-09T09:26:36,827",6a5b8bf7216d9ce22701983a,false
defaite,"[""lore-weaver"",""soul-forger"",""snow-queen"",""incinerator"",""storm-fox""]","[""boommeister"",""black-crow"",""tracker"",""rose-knight"",""death-knight""]",6a7847cc4ce34fbbe87d91a4,"2026-08-09T09:26:36,827","2026-08-09T09:26:36,827",6a5b8bf7216d9ce22701983a,false
defaite,"[""boommeister"",""demon-slayer"",""rose-knight"",""don-guappo"",""petite-devil""]","[""boommeister"",""rose-knight"",""don-guappo"",""demon-slayer"",""tracker""]",6a7847cc4ce34fbbe87d91a2,"2026-08-09T09:26:36,827","2026-08-09T09:26:36,827",6a5b8bf7216d9ce22701983a,false
victoire,"[""lore-weaver"",""soul-forger"",""snow-queen"",""incinerator"",""storm-fox""]","[""boommeister"",""black-crow"",""tracker"",""rose-knight"",""death-knight""]",6a7847cc4ce34fbbe87d91a3,"2026-08-09T09:26:36,827","2026-08-09T09:26:36,827",6a5b8bf7216d9ce22701983a,false
defaite,"[""prima-donna"",""demon-slayer"",""rose-knight"",""night-raven"",""tracker""]","[""songstress-of-the-sea"",""witch-doll"",""rose-knight"",""snail-princess"",""lore-weaver""]",6a7847cc4ce34fbbe87d91a8,"2026-08-09T09:26:36,827","2026-08-09T09:26:36,827",6a5b8bf7216d9ce22701983a,false
defaite,"[""sea-squire"",""chronicler"",""storm-fox"",""shade"",""soul-forger""]","[""boommeister"",""don-guappo"",""demon-slayer"",""rose-knight"",""lore-weaver""]",6a7847cc4ce34fbbe87d918c,"2026-08-09T09:26:36,827","2026-08-09T09:26:36,827",6a5b8bf7216d9ce22701983a,false
victoire,"[""lore-weaver"",""prima-donna"",""berserker"",""witch-doll"",""sage-of-storms""]","[""boommeister"",""rose-knight"",""tracker"",""demon-slayer"",""don-guappo""]",6a7847cc4ce34fbbe87d9192,"2026-08-09T09:26:36,827","2026-08-09T09:26:36,827",6a5b8bf7216d9ce22701983a,false
victoire,"[""snow-queen"",""black-crow"",""rose-knight"",""tracker"",""lore-weaver""]","[""tracker"",""rose-knight"",""black-crow"",""boommeister"",""holy-sword""]",6a7847cc4ce34fbbe87d919f,"2026-08-09T09:26:36,827","2026-08-09T09:26:36,827",6a5b8bf7216d9ce22701983a,false
victoire,"[""boommeister"",""rose-knight"",""don-guappo"",""demon-slayer"",""prima-donna""]","[""boommeister"",""demon-slayer"",""rose-knight"",""tracker"",""don-guappo""]",6a7847cc4ce34fbbe87d918d,"2026-08-09T09:26:36,827","2026-08-09T09:26:36,827",6a5b8bf7216d9ce22701983a,false
victoire,"[""boommeister"",""rose-knight"",""tracker"",""don-guappo"",""prima-donna""]","[""boommeister"",""black-crow"",""rose-knight"",""tracker"",""don-guappo""]",6a7847cc4ce34fbbe87d9198,"2026-08-09T09:26:36,827","2026-08-09T09:26:36,827",6a5b8bf7216d9ce22701983a,false
defaite,"[""boommeister"",""rose-knight"",""shade"",""berserker"",""prima-donna""]","[""demon-slayer"",""rose-knight"",""shade"",""cursed-hunter"",""don-guappo""]",6a7847cc4ce34fbbe87d919b,"2026-08-09T09:26:36,827","2026-08-09T09:26:36,827",6a5b8bf7216d9ce22701983a,false
victoire,"[""boommeister"",""rose-knight"",""don-guappo"",""tracker"",""prima-donna""]","[""rose-knight"",""black-crow"",""boommeister"",""tracker"",""don-guappo""]",6a7847cc4ce34fbbe87d918e,"2026-08-09T09:26:36,827","2026-08-09T09:26:36,827",6a5b8bf7216d9ce22701983a,false
defaite,"[""prima-donna"",""berserker"",""lore-weaver"",""boommeister"",""grove-guardian""]","[""demon-slayer"",""rose-knight"",""shade"",""don-guappo"",""cursed-hunter""]",6a7847cc4ce34fbbe87d919a,"2026-08-09T09:26:36,827","2026-08-09T09:26:36,827",6a5b8bf7216d9ce22701983a,false
defaite,"[""lore-weaver"",""soul-forger"",""prima-donna"",""incinerator"",""sage-of-storms""]","[""tracker"",""boommeister"",""don-guappo"",""rose-knight"",""black-crow""]",6a7847cc4ce34fbbe87d91a6,"2026-08-09T09:26:36,827","2026-08-09T09:26:36,827",6a5b8bf7216d9ce22701983a,false
victoire,"[""lore-weaver"",""black-crow"",""demon-slayer"",""witch-doll"",""rose-knight""]","[""lore-weaver"",""demon-slayer"",""rose-knight"",""witch-doll"",""tracker""]",6a7847cc4ce34fbbe87d91ab,"2026-08-09T09:26:36,827","2026-08-09T09:26:36,827",6a5b8bf7216d9ce22701983a,false
defaite,"[""rose-knight"",""berserker"",""demon-slayer"",""cursed-hunter"",""don-guappo""]","[""rose-knight"",""shade"",""demon-slayer"",""cursed-hunter"",""don-guappo""]",6a7847cc4ce34fbbe87d919c,"2026-08-09T09:26:36,827","2026-08-09T09:26:36,827",6a5b8bf7216d9ce22701983a,false
victoire,"[""lore-weaver"",""demon-slayer"",""rose-knight"",""witch-doll"",""black-crow""]","[""lore-weaver"",""demon-slayer"",""rose-knight"",""witch-doll"",""tracker""]",6a7847cc4ce34fbbe87d91aa,"2026-08-09T09:26:36,827","2026-08-09T09:26:36,827",6a5b8bf7216d9ce22701983a,false
defaite,"[""lore-weaver"",""black-crow"",""barbarian"",""rose-knight"",""witch-doll""]","[""lore-weaver"",""demon-slayer"",""rose-knight"",""witch-doll"",""tracker""]",6a7847cc4ce34fbbe87d91ae,"2026-08-09T09:26:36,827","2026-08-09T09:26:36,827",6a5b8bf7216d9ce22701983a,false
victoire,"[""lore-weaver"",""prima-donna"",""berserker"",""witch-doll"",""sage-of-storms""]","[""boommeister"",""rose-knight"",""tracker"",""demon-slayer"",""don-guappo""]",6a7847cc4ce34fbbe87d9191,"2026-08-09T09:26:36,827","2026-08-09T09:26:36,827",6a5b8bf7216d9ce22701983a,false
victoire,"[""boommeister"",""rose-knight"",""don-guappo"",""storm-fox"",""black-crow""]","[""tracker"",""rose-knight"",""don-guappo"",""boommeister"",""black-crow""]",6a7847cc4ce34fbbe87d91a9,"2026-08-09T09:26:36,827","2026-08-09T09:26:36,827",6a5b8bf7216d9ce22701983a,false
defaite,"[""lore-weaver"",""black-crow"",""demon-slayer"",""witch-doll"",""rose-knight""]","[""lore-weaver"",""demon-slayer"",""rose-knight"",""witch-doll"",""tracker""]",6a7847cc4ce34fbbe87d91ac,"2026-08-09T09:26:36,827","2026-08-09T09:26:36,827",6a5b8bf7216d9ce22701983a,false
defaite,"[""prima-donna"",""black-crow"",""demon-slayer"",""witch-doll"",""rose-knight""]","[""lore-weaver"",""demon-slayer"",""rose-knight"",""witch-doll"",""tracker""]",6a7847cc4ce34fbbe87d91ad,"2026-08-09T09:26:36,827","2026-08-09T09:26:36,827",6a5b8bf7216d9ce22701983a,false
defaite,"[""lore-weaver"",""berserker"",""prima-donna"",""witch-doll"",""sage-of-storms""]","[""boommeister"",""black-crow"",""rose-knight"",""death-knight"",""tracker""]",6a7847cc4ce34fbbe87d9193,"2026-08-09T09:26:36,827","2026-08-09T09:26:36,827",6a5b8bf7216d9ce22701983a,false
victoire,"[""boommeister"",""rose-knight"",""demon-slayer"",""don-guappo"",""prima-donna""]","[""boommeister"",""rose-knight"",""demon-slayer"",""tracker"",""don-guappo""]",6a7847cc4ce34fbbe87d9197,"2026-08-09T09:26:36,827","2026-08-09T09:26:36,827",6a5b8bf7216d9ce22701983a,false
defaite,"[""sea-squire"",""snow-queen"",""necroduke"",""twilight-priestess"",""scarlet-bolt""]","[""boommeister"",""don-guappo"",""demon-slayer"",""rose-knight"",""lore-weaver""]",6a7847cc4ce34fbbe87d918b,"2026-08-09T09:26:36,827","2026-08-09T09:26:36,827",6a5b8bf7216d9ce22701983a,false
victoire,"[""boommeister"",""black-crow"",""rose-knight"",""tracker"",""soul-forger""]","[""boommeister"",""black-crow"",""rose-knight"",""tracker"",""death-knight""]",6a7847cc4ce34fbbe87d9199,"2026-08-09T09:26:36,827","2026-08-09T09:26:36,827",6a5b8bf7216d9ce22701983a,false
defaite,"[""prima-donna"",""berserker"",""lore-weaver"",""femme-fatale"",""boommeister""]","[""incinerator"",""rose-knight"",""don-guappo"",""demon-slayer"",""tracker""]",6a7847cc4ce34fbbe87d91a0,"2026-08-09T09:26:36,827","2026-08-09T09:26:36,827",6a5b8bf7216d9ce22701983a,false
victoire,"[""grove-guardian"",""demon-slayer"",""rose-knight"",""prima-donna"",""tracker""]","[""lore-weaver"",""rose-knight"",""tracker"",""demon-slayer"",""witch-doll""]",6a7847cc4ce34fbbe87d91a5,"2026-08-09T09:26:36,827","2026-08-09T09:26:36,827",6a5b8bf7216d9ce22701983a,false
defaite,"[""prima-donna"",""black-crow"",""barbarian"",""rose-knight"",""witch-doll""]","[""lore-weaver"",""demon-slayer"",""rose-knight"",""witch-doll"",""tracker""]",6a7847cc4ce34fbbe87d91af,"2026-08-09T09:26:36,827","2026-08-09T09:26:36,827",6a5b8bf7216d9ce22701983a,false
defaite,"[""sea-squire"",""bombin-goblin"",""sage-of-storms"",""twilight-priestess"",""oath-keeper""]","[""boommeister"",""don-guappo"",""demon-slayer"",""rose-knight"",""lore-weaver""]",6a7847cc4ce34fbbe87d918a,"2026-08-09T09:26:36,827","2026-08-09T09:26:36,827",6a5b8bf7216d9ce22701983a,false
victoire,"[""lore-weaver"",""prima-donna"",""berserker"",""witch-doll"",""sage-of-storms""]","[""boommeister"",""rose-knight"",""tracker"",""demon-slayer"",""don-guappo""]",6a7847cc4ce34fbbe87d9190,"2026-08-09T09:26:36,827","2026-08-09T09:26:36,827",6a5b8bf7216d9ce22701983a,false
defaite,"[""don-guappo"",""demon-slayer"",""prima-donna"",""witch-doll"",""child-of-light""]","[""boommeister"",""rose-knight"",""tracker"",""holy-sword"",""lore-weaver""]",6a7847cc4ce34fbbe87d919d,"2026-08-09T09:26:36,827","2026-08-09T09:26:36,827",6a5b8bf7216d9ce22701983a,false
defaite,"[""rose-knight"",""berserker"",""lore-weaver"",""sage-of-storms"",""prima-donna""]","[""boommeister"",""black-crow"",""rose-knight"",""death-knight"",""tracker""]",6a7847cc4ce34fbbe87d9194,"2026-08-09T09:26:36,827","2026-08-09T09:26:36,827",6a5b8bf7216d9ce22701983a,false
defaite,"[""magmaroid"",""witch-doll"",""prima-donna"",""grim-wolf"",""big-guy""]","[""incinerator"",""rose-knight"",""don-guappo"",""demon-slayer"",""tracker""]",6a7847cc4ce34fbbe87d91a1,"2026-08-09T09:26:36,827","2026-08-09T09:26:36,827",6a5b8bf7216d9ce22701983a,false
victoire,"[""lore-weaver"",""prima-donna"",""berserker"",""witch-doll"",""sage-of-storms""]","[""boommeister"",""rose-knight"",""tracker"",""demon-slayer"",""don-guappo""]",6a7847cc4ce34fbbe87d918f,"2026-08-09T09:26:36,827","2026-08-09T09:26:36,827",6a5b8bf7216d9ce22701983a,false
defaite,"[""witch-doll"",""berserker"",""prima-donna"",""don-guappo"",""lore-weaver""]","[""death-knight"",""rose-knight"",""boommeister"",""black-crow"",""tracker""]",6a7847cc4ce34fbbe87d9195,"2026-08-09T09:26:36,827","2026-08-09T09:26:36,827",6a5b8bf7216d9ce22701983a,false
defaite,"[""don-guappo"",""soul-forger"",""prima-donna"",""death-knight"",""sage-of-storms""]","[""boommeister"",""rose-knight"",""tracker"",""holy-sword"",""lore-weaver""]",6a7847cc4ce34fbbe87d919e,"2026-08-09T09:26:36,827","2026-08-09T09:26:36,827",6a5b8bf7216d9ce22701983a,false
victoire,"[""tracker"",""snow-queen"",""rose-knight"",""lore-weaver"",""black-crow""]","[""lore-weaver"",""demon-slayer"",""rose-knight"",""witch-doll"",""tracker""]",6a78473e1ce7f5d85e18ca68,"2026-08-09T09:24:14,144","2026-08-09T09:24:14,144",6a5b8bf7216d9ce22701983a,false
victoire,"[""tracker"",""rose-knight"",""child-of-light"",""boommeister"",""black-crow""]","[""tracker"",""demon-slayer"",""rose-knight"",""boommeister"",""black-crow""]",6a78473e1ce7f5d85e18ca73,"2026-08-09T09:24:14,144","2026-08-09T09:24:14,144",6a5b8bf7216d9ce22701983a,false
defaite,"[""boommeister"",""don-guappo"",""rose-knight"",""incinerator"",""black-crow""]","[""prima-donna"",""demon-slayer"",""rose-knight"",""witch-doll"",""tracker""]",6a78473e1ce7f5d85e18ca80,"2026-08-09T09:24:14,144","2026-08-09T09:24:14,144",6a5b8bf7216d9ce22701983a,false
victoire,"[""berserker"",""lore-weaver"",""prima-donna"",""sage-of-storms"",""witch-doll""]","[""boommeister"",""rose-knight"",""don-guappo"",""demon-slayer"",""tracker""]",6a78473e1ce7f5d85e18ca88,"2026-08-09T09:24:14,144","2026-08-09T09:24:14,144",6a5b8bf7216d9ce22701983a,false
victoire,"[""petite-devil"",""rose-knight"",""don-guappo"",""witch-doll"",""lore-weaver""]","[""lore-weaver"",""demon-slayer"",""rose-knight"",""witch-doll"",""tracker""]",6a78473e1ce7f5d85e18ca6b,"2026-08-09T09:24:14,144","2026-08-09T09:24:14,144",6a5b8bf7216d9ce22701983a,false
victoire,"[""petite-devil"",""witch-doll"",""rose-knight"",""sea-squire"",""lore-weaver""]","[""petite-devil"",""demon-slayer"",""rose-knight"",""lore-weaver"",""tracker""]",6a78473e1ce7f5d85e18ca6e,"2026-08-09T09:24:14,144","2026-08-09T09:24:14,144",6a5b8bf7216d9ce22701983a,false
victoire,"[""boommeister"",""rose-knight"",""don-guappo"",""demon-slayer"",""lore-weaver""]","[""boommeister"",""rose-knight"",""don-guappo"",""demon-slayer"",""tracker""]",6a78473e1ce7f5d85e18ca7a,"2026-08-09T09:24:14,144","2026-08-09T09:24:14,144",6a5b8bf7216d9ce22701983a,false
victoire,"[""demon-slayer"",""lore-weaver"",""rose-knight"",""black-crow"",""witch-doll""]","[""lore-weaver"",""demon-slayer"",""rose-knight"",""witch-doll"",""tracker""]",6a78473e1ce7f5d85e18ca87,"2026-08-09T09:24:14,144","2026-08-09T09:24:14,144",6a5b8bf7216d9ce22701983a,false
defaite,"[""cursed-hunter"",""don-guappo"",""rose-knight"",""incinerator"",""shade""]","[""prima-donna"",""demon-slayer"",""rose-knight"",""witch-doll"",""tracker""]",6a78473e1ce7f5d85e18ca5c,"2026-08-09T09:24:14,144","2026-08-09T09:24:14,144",6a5b8bf7216d9ce22701983a,false
defaite,"[""lore-weaver"",""demon-slayer"",""rose-knight"",""incinerator"",""witch-doll""]","[""lore-weaver"",""demon-slayer"",""rose-knight"",""witch-doll"",""tracker""]",6a78473e1ce7f5d85e18ca5e,"2026-08-09T09:24:14,144","2026-08-09T09:24:14,144",6a5b8bf7216d9ce22701983a,false
victoire,"[""lore-weaver"",""rose-knight"",""don-guappo"",""petite-devil"",""black-crow""]","[""tracker"",""rose-knight"",""don-guappo"",""grove-guardian"",""black-crow""]",6a78473e1ce7f5d85e18ca61,"2026-08-09T09:24:14,144","2026-08-09T09:24:14,144",6a5b8bf7216d9ce22701983a,false
victoire,"[""lore-weaver"",""demon-slayer"",""rose-knight"",""snow-queen"",""black-crow""]","[""lore-weaver"",""demon-slayer"",""rose-knight"",""witch-doll"",""tracker""]",6a78473e1ce7f5d85e18ca72,"2026-08-09T09:24:14,144","2026-08-09T09:24:14,144",6a5b8bf7216d9ce22701983a,false
victoire,"[""cursed-hunter"",""rose-knight"",""don-guappo"",""demon-slayer"",""boommeister""]","[""petite-devil"",""demon-slayer"",""rose-knight"",""witch-doll"",""lore-weaver""]",6a78473e1ce7f5d85e18ca7b,"2026-08-09T09:24:14,144","2026-08-09T09:24:14,144",6a5b8bf7216d9ce22701983a,false
victoire,"[""sea-squire"",""demon-slayer"",""rose-knight"",""witch-doll"",""lore-weaver""]","[""demon-slayer"",""rose-knight"",""lore-weaver"",""tracker"",""witch-doll""]",6a78473e1ce7f5d85e18ca6f,"2026-08-09T09:24:14,144","2026-08-09T09:24:14,144",6a5b8bf7216d9ce22701983a,false
victoire,"[""boommeister"",""demon-slayer"",""rose-knight"",""shade"",""tracker""]","[""lore-weaver"",""demon-slayer"",""rose-knight"",""witch-doll"",""tracker""]",6a78473e1ce7f5d85e18ca78,"2026-08-09T09:24:14,144","2026-08-09T09:24:14,144",6a5b8bf7216d9ce22701983a,false
victoire,"[""boommeister"",""rose-knight"",""don-guappo"",""scarlet-bolt"",""tracker""]","[""petite-devil"",""don-guappo"",""berserker"",""rose-knight"",""lore-weaver""]",6a78473e1ce7f5d85e18ca65,"2026-08-09T09:24:14,144","2026-08-09T09:24:14,144",6a5b8bf7216d9ce22701983a,false
victoire,"[""prima-donna"",""rose-knight"",""don-guappo"",""boommeister"",""tracker""]","[""tracker"",""rose-knight"",""don-guappo"",""boommeister"",""black-crow""]",6a78473e1ce7f5d85e18ca7d,"2026-08-09T09:24:14,144","2026-08-09T09:24:14,144",6a5b8bf7216d9ce22701983a,false
defaite,"[""demon-slayer"",""lore-weaver"",""rose-knight"",""sea-squire"",""witch-doll""]","[""demon-slayer"",""rose-knight"",""witch-doll"",""tracker"",""lore-weaver""]",6a78473e1ce7f5d85e18ca81,"2026-08-09T09:24:14,144","2026-08-09T09:24:14,144",6a5b8bf7216d9ce22701983a,false
victoire,"[""petite-devil"",""rose-knight"",""don-guappo"",""witch-doll"",""lore-weaver""]","[""petite-devil"",""demon-slayer"",""rose-knight"",""witch-doll"",""lore-weaver""]",6a78473e1ce7f5d85e18ca6d,"2026-08-09T09:24:14,144","2026-08-09T09:24:14,144",6a5b8bf7216d9ce22701983a,false
victoire,"[""boommeister"",""rose-knight"",""don-guappo"",""demon-slayer"",""tracker""]","[""demon-slayer"",""rose-knight"",""petite-devil"",""witch-doll"",""tracker""]",6a78473e1ce7f5d85e18ca71,"2026-08-09T09:24:14,144","2026-08-09T09:24:14,144",6a5b8bf7216d9ce22701983a,false
victoire,"[""tracker"",""rose-knight"",""death-knight"",""boommeister"",""black-crow""]","[""boommeister"",""demon-slayer"",""rose-knight"",""shade"",""tracker""]",6a78473e1ce7f5d85e18ca74,"2026-08-09T09:24:14,144","2026-08-09T09:24:14,144",6a5b8bf7216d9ce22701983a,false
victoire,"[""boommeister"",""rose-knight"",""don-guappo"",""demon-slayer"",""prima-donna""]","[""boommeister"",""rose-knight"",""don-guappo"",""demon-slayer"",""tracker""]",6a78473e1ce7f5d85e18ca7e,"2026-08-09T09:24:14,144","2026-08-09T09:24:14,144",6a5b8bf7216d9ce22701983a,false
victoire,"[""tracker"",""snow-queen"",""rose-knight"",""prima-donna"",""black-crow""]","[""lore-weaver"",""demon-slayer"",""rose-knight"",""witch-doll"",""tracker""]",6a78473e1ce7f5d85e18ca5f,"2026-08-09T09:24:14,144","2026-08-09T09:24:14,144",6a5b8bf7216d9ce22701983a,false
defaite,"[""demon-slayer"",""lore-weaver"",""rose-knight"",""shade"",""witch-doll""]","[""lore-weaver"",""demon-slayer"",""rose-knight"",""witch-doll"",""tracker""]",6a78473e1ce7f5d85e18ca86,"2026-08-09T09:24:14,144","2026-08-09T09:24:14,144",6a5b8bf7216d9ce22701983a,false
defaite,"[""demon-slayer"",""lore-weaver"",""rose-knight"",""sea-squire"",""witch-doll""]","[""lore-weaver"",""demon-slayer"",""rose-knight"",""witch-doll"",""tracker""]",6a78473e1ce7f5d85e18ca8b,"2026-08-09T09:24:14,144","2026-08-09T09:24:14,144",6a5b8bf7216d9ce22701983a,false
victoire,"[""sea-squire"",""demon-slayer"",""rose-knight"",""witch-doll"",""lore-weaver""]","[""demon-slayer"",""rose-knight"",""lore-weaver"",""tracker"",""witch-doll""]",6a78473e1ce7f5d85e18ca70,"2026-08-09T09:24:14,144","2026-08-09T09:24:14,144",6a5b8bf7216d9ce22701983a,false
defaite,"[""black-crow"",""demon-slayer"",""lore-weaver"",""rose-knight"",""witch-doll""]","[""lore-weaver"",""demon-slayer"",""rose-knight"",""witch-doll"",""tracker""]",6a78473e1ce7f5d85e18ca89,"2026-08-09T09:24:14,144","2026-08-09T09:24:14,144",6a5b8bf7216d9ce22701983a,false
defaite,"[""prima-donna"",""demon-slayer"",""rose-knight"",""scarlet-bolt"",""tracker""]","[""prima-donna"",""demon-slayer"",""rose-knight"",""witch-doll"",""tracker""]",6a78473e1ce7f5d85e18ca5d,"2026-08-09T09:24:14,144","2026-08-09T09:24:14,144",6a5b8bf7216d9ce22701983a,false
victoire,"[""boommeister"",""rose-knight"",""death-knight"",""snow-queen"",""tracker""]","[""boommeister"",""rose-knight"",""death-knight"",""incinerator"",""tracker""]",6a78473e1ce7f5d85e18ca63,"2026-08-09T09:24:14,144","2026-08-09T09:24:14,144",6a5b8bf7216d9ce22701983a,false
victoire,"[""tracker"",""snow-queen"",""rose-knight"",""lore-weaver"",""black-crow""]","[""tracker"",""demon-slayer"",""rose-knight"",""lore-weaver"",""black-crow""]",6a78473e1ce7f5d85e18ca64,"2026-08-09T09:24:14,144","2026-08-09T09:24:14,144",6a5b8bf7216d9ce22701983a,false
victoire,"[""lore-weaver"",""rose-knight"",""don-guappo"",""petite-devil"",""tracker""]","[""lore-weaver"",""rose-knight"",""don-guappo"",""demon-slayer"",""black-crow""]",6a78473e1ce7f5d85e18ca67,"2026-08-09T09:24:14,144","2026-08-09T09:24:14,144",6a5b8bf7216d9ce22701983a,false
victoire,"[""boommeister"",""demon-slayer"",""rose-knight"",""snow-queen"",""tracker""]","[""lore-weaver"",""demon-slayer"",""rose-knight"",""witch-doll"",""tracker""]",6a78473e1ce7f5d85e18ca75,"2026-08-09T09:24:14,144","2026-08-09T09:24:14,144",6a5b8bf7216d9ce22701983a,false
defaite,"[""boommeister"",""demon-slayer"",""prima-donna"",""don-guappo"",""rose-knight""]","[""lore-weaver"",""demon-slayer"",""rose-knight"",""witch-doll"",""tracker""]",6a78473e1ce7f5d85e18ca8c,"2026-08-09T09:24:14,144","2026-08-09T09:24:14,144",6a5b8bf7216d9ce22701983a,false
victoire,"[""lore-weaver"",""rose-knight"",""don-guappo"",""boommeister"",""black-crow""]","[""tracker"",""rose-knight"",""don-guappo"",""boommeister"",""black-crow""]",6a78473e1ce7f5d85e18ca62,"2026-08-09T09:24:14,144","2026-08-09T09:24:14,144",6a5b8bf7216d9ce22701983a,false
victoire,"[""trickster"",""rose-knight"",""don-guappo"",""boommeister"",""black-crow""]","[""trickster"",""boommeister"",""rose-knight"",""tracker"",""black-crow""]",6a78473e1ce7f5d85e18ca77,"2026-08-09T09:24:14,144","2026-08-09T09:24:14,144",6a5b8bf7216d9ce22701983a,false
victoire,"[""boommeister"",""demon-slayer"",""rose-knight"",""scarlet-bolt"",""lore-weaver""]","[""lore-weaver"",""demon-slayer"",""rose-knight"",""witch-doll"",""tracker""]",6a78473e1ce7f5d85e18ca79,"2026-08-09T09:24:14,144","2026-08-09T09:24:14,144",6a5b8bf7216d9ce22701983a,false
victoire,"[""snow-queen"",""demon-slayer"",""rose-knight"",""witch-doll"",""lore-weaver""]","[""lore-weaver"",""demon-slayer"",""rose-knight"",""snow-queen"",""tracker""]",6a78473e1ce7f5d85e18ca60,"2026-08-09T09:24:14,144","2026-08-09T09:24:14,144",6a5b8bf7216d9ce22701983a,false
defaite,"[""demon-slayer"",""lore-weaver"",""rose-knight"",""sea-squire"",""snow-queen""]","[""lore-weaver"",""demon-slayer"",""rose-knight"",""witch-doll"",""tracker""]",6a78473e1ce7f5d85e18ca84,"2026-08-09T09:24:14,144","2026-08-09T09:24:14,144",6a5b8bf7216d9ce22701983a,false
defaite,"[""boommeister"",""rose-knight"",""cursed-hunter"",""incinerator"",""black-crow""]","[""demon-slayer"",""rose-knight"",""witch-doll"",""tracker"",""lore-weaver""]",6a78473e1ce7f5d85e18ca82,"2026-08-09T09:24:14,144","2026-08-09T09:24:14,144",6a5b8bf7216d9ce22701983a,false
defaite,"[""boommeister"",""don-guappo"",""shade"",""demon-slayer"",""black-crow""]","[""lore-weaver"",""demon-slayer"",""rose-knight"",""witch-doll"",""tracker""]",6a78473e1ce7f5d85e18ca85,"2026-08-09T09:24:14,144","2026-08-09T09:24:14,144",6a5b8bf7216d9ce22701983a,false
victoire,"[""lore-weaver"",""demon-slayer"",""rose-knight"",""witch-doll"",""tracker""]","[""lore-weaver"",""demon-slayer"",""rose-knight"",""tracker"",""snow-queen""]",6a78473e1ce7f5d85e18ca6c,"2026-08-09T09:24:14,144","2026-08-09T09:24:14,144",6a5b8bf7216d9ce22701983a,false
victoire,"[""tracker"",""rose-knight"",""don-guappo"",""boommeister"",""black-crow""]","[""boommeister"",""rose-knight"",""don-guappo"",""demon-slayer"",""tracker""]",6a78473e1ce7f5d85e18ca76,"2026-08-09T09:24:14,144","2026-08-09T09:24:14,144",6a5b8bf7216d9ce22701983a,false
victoire,"[""tracker"",""rose-knight"",""death-knight"",""boommeister"",""black-crow""]","[""boommeister"",""rose-knight"",""don-guappo"",""demon-slayer"",""tracker""]",6a78473e1ce7f5d85e18ca66,"2026-08-09T09:24:14,144","2026-08-09T09:24:14,144",6a5b8bf7216d9ce22701983a,false
victoire,"[""boommeister"",""rose-knight"",""don-guappo"",""demon-slayer"",""lore-weaver""]","[""lore-weaver"",""demon-slayer"",""rose-knight"",""boommeister"",""tracker""]",6a78473e1ce7f5d85e18ca7c,"2026-08-09T09:24:14,144","2026-08-09T09:24:14,144",6a5b8bf7216d9ce22701983a,false
defaite,"[""prima-donna"",""demon-slayer"",""rose-knight"",""don-guappo"",""black-crow""]","[""prima-donna"",""demon-slayer"",""rose-knight"",""witch-doll"",""tracker""]",6a78473e1ce7f5d85e18ca7f,"2026-08-09T09:24:14,144","2026-08-09T09:24:14,144",6a5b8bf7216d9ce22701983a,false
victoire,"[""trickster"",""rose-knight"",""death-knight"",""boommeister"",""black-crow""]","[""snow-queen"",""demon-slayer"",""rose-knight"",""witch-doll"",""lore-weaver""]",6a78473e1ce7f5d85e18ca69,"2026-08-09T09:24:14,144","2026-08-09T09:24:14,144",6a5b8bf7216d9ce22701983a,false
victoire,"[""tracker"",""snow-queen"",""rose-knight"",""lore-weaver"",""black-crow""]","[""tracker"",""holy-sword"",""rose-knight"",""boommeister"",""black-crow""]",6a78473e1ce7f5d85e18ca6a,"2026-08-09T09:24:14,144","2026-08-09T09:24:14,144",6a5b8bf7216d9ce22701983a,false
defaite,"[""boommeister"",""rose-knight"",""cursed-hunter"",""lore-weaver"",""black-crow""]","[""demon-slayer"",""rose-knight"",""witch-doll"",""tracker"",""lore-weaver""]",6a78473e1ce7f5d85e18ca83,"2026-08-09T09:24:14,144","2026-08-09T09:24:14,144",6a5b8bf7216d9ce22701983a,false
defaite,"[""boommeister"",""don-guappo"",""scarlet-bolt"",""prima-donna"",""berserker""]","[""lore-weaver"",""demon-slayer"",""rose-knight"",""witch-doll"",""tracker""]",6a78473e1ce7f5d85e18ca8a,"2026-08-09T09:24:14,144","2026-08-09T09:24:14,144",6a5b8bf7216d9ce22701983a,false
defaite,"[""lore-weaver"",""black-crow"",""barbarian"",""rose-knight"",""witch-doll""]","[""lore-weaver"",""demon-slayer"",""rose-knight"",""witch-doll"",""tracker""]",6a78473e1ce7f5d85e18ca4d,"2026-08-09T09:24:14,140","2026-08-09T09:24:14,140",6a5b8bf7216d9ce22701983a,false
defaite,"[""prima-donna"",""tracker"",""rose-knight"",""incinerator"",""demon-slayer""]","[""lore-weaver"",""demon-slayer"",""rose-knight"",""witch-doll"",""tracker""]",6a78473e1ce7f5d85e18ca51,"2026-08-09T09:24:14,140","2026-08-09T09:24:14,140",6a5b8bf7216d9ce22701983a,false
victoire,"[""rose-knight"",""demon-slayer"",""magmaroid"",""black-crow"",""tracker""]","[""lore-weaver"",""demon-slayer"",""rose-knight"",""witch-doll"",""tracker""]",6a78473e1ce7f5d85e18ca56,"2026-08-09T09:24:14,140","2026-08-09T09:24:14,140",6a5b8bf7216d9ce22701983a,false
defaite,"[""don-guappo"",""demon-slayer"",""prima-donna"",""witch-doll"",""child-of-light""]","[""boommeister"",""rose-knight"",""tracker"",""holy-sword"",""lore-weaver""]",6a78473e1ce7f5d85e18ca3c,"2026-08-09T09:24:14,140","2026-08-09T09:24:14,140",6a5b8bf7216d9ce22701983a,false
defaite,"[""don-guappo"",""soul-forger"",""prima-donna"",""death-knight"",""sage-of-storms""]","[""boommeister"",""rose-knight"",""tracker"",""holy-sword"",""lore-weaver""]",6a78473e1ce7f5d85e18ca3d,"2026-08-09T09:24:14,140","2026-08-09T09:24:14,140",6a5b8bf7216d9ce22701983a,false
defaite,"[""lore-weaver"",""oath-keeper"",""snow-queen"",""incinerator"",""witch-doll""]","[""tracker"",""boommeister"",""don-guappo"",""rose-knight"",""black-crow""]",6a78473e1ce7f5d85e18ca46,"2026-08-09T09:24:14,140","2026-08-09T09:24:14,140",6a5b8bf7216d9ce22701983a,false
defaite,"[""prima-donna"",""tracker"",""rose-knight"",""magmaroid"",""demon-slayer""]","[""lore-weaver"",""demon-slayer"",""rose-knight"",""witch-doll"",""tracker""]",6a78473e1ce7f5d85e18ca53,"2026-08-09T09:24:14,140","2026-08-09T09:24:14,140",6a5b8bf7216d9ce22701983a,false
defaite,"[""rose-knight"",""berserker"",""demon-slayer"",""cursed-hunter"",""don-guappo""]","[""rose-knight"",""shade"",""demon-slayer"",""cursed-hunter"",""don-guappo""]",6a78473e1ce7f5d85e18ca3b,"2026-08-09T09:24:14,140","2026-08-09T09:24:14,140",6a5b8bf7216d9ce22701983a,false
defaite,"[""magmaroid"",""witch-doll"",""prima-donna"",""grim-wolf"",""big-guy""]","[""incinerator"",""rose-knight"",""don-guappo"",""demon-slayer"",""tracker""]",6a78473e1ce7f5d85e18ca40,"2026-08-09T09:24:14,140","2026-08-09T09:24:14,140",6a5b8bf7216d9ce22701983a,false
victoire,"[""lore-weaver"",""soul-forger"",""snow-queen"",""incinerator"",""storm-fox""]","[""boommeister"",""black-crow"",""tracker"",""rose-knight"",""death-knight""]",6a78473e1ce7f5d85e18ca42,"2026-08-09T09:24:14,140","2026-08-09T09:24:14,140",6a5b8bf7216d9ce22701983a,false
defaite,"[""lore-weaver"",""soul-forger"",""snow-queen"",""incinerator"",""storm-fox""]","[""boommeister"",""black-crow"",""tracker"",""rose-knight"",""death-knight""]",6a78473e1ce7f5d85e18ca43,"2026-08-09T09:24:14,140","2026-08-09T09:24:14,140",6a5b8bf7216d9ce22701983a,false
defaite,"[""lore-weaver"",""tracker"",""rose-knight"",""incinerator"",""demon-slayer""]","[""lore-weaver"",""demon-slayer"",""rose-knight"",""witch-doll"",""tracker""]",6a78473e1ce7f5d85e18ca50,"2026-08-09T09:24:14,140","2026-08-09T09:24:14,140",6a5b8bf7216d9ce22701983a,false
defaite,"[""prima-donna"",""demon-slayer"",""rose-knight"",""night-raven"",""tracker""]","[""songstress-of-the-sea"",""witch-doll"",""rose-knight"",""snail-princess"",""lore-weaver""]",6a78473e1ce7f5d85e18ca47,"2026-08-09T09:24:14,140","2026-08-09T09:24:14,140",6a5b8bf7216d9ce22701983a,false
defaite,"[""boommeister"",""demon-slayer"",""rose-knight"",""don-guappo"",""petite-devil""]","[""boommeister"",""rose-knight"",""don-guappo"",""demon-slayer"",""tracker""]",6a78473e1ce7f5d85e18ca41,"2026-08-09T09:24:14,140","2026-08-09T09:24:14,140",6a5b8bf7216d9ce22701983a,false
defaite,"[""lore-weaver"",""boommeister"",""rose-knight"",""incinerator"",""demon-slayer""]","[""lore-weaver"",""demon-slayer"",""rose-knight"",""witch-doll"",""tracker""]",6a78473e1ce7f5d85e18ca4f,"2026-08-09T09:24:14,140","2026-08-09T09:24:14,140",6a5b8bf7216d9ce22701983a,false
defaite,"[""lore-weaver"",""tracker"",""rose-knight"",""magmaroid"",""demon-slayer""]","[""lore-weaver"",""demon-slayer"",""rose-knight"",""witch-doll"",""tracker""]",6a78473e1ce7f5d85e18ca52,"2026-08-09T09:24:14,140","2026-08-09T09:24:14,140",6a5b8bf7216d9ce22701983a,false
defaite,"[""lore-weaver"",""demon-slayer"",""magmaroid"",""black-crow"",""tracker""]","[""lore-weaver"",""demon-slayer"",""rose-knight"",""witch-doll"",""tracker""]",6a78473e1ce7f5d85e18ca55,"2026-08-09T09:24:14,140","2026-08-09T09:24:14,140",6a5b8bf7216d9ce22701983a,false
victoire,"[""snow-queen"",""black-crow"",""rose-knight"",""tracker"",""lore-weaver""]","[""tracker"",""rose-knight"",""black-crow"",""boommeister"",""holy-sword""]",6a78473e1ce7f5d85e18ca3e,"2026-08-09T09:24:14,140","2026-08-09T09:24:14,140",6a5b8bf7216d9ce22701983a,false
victoire,"[""grove-guardian"",""demon-slayer"",""rose-knight"",""prima-donna"",""tracker""]","[""lore-weaver"",""rose-knight"",""tracker"",""demon-slayer"",""witch-doll""]",6a78473e1ce7f5d85e18ca44,"2026-08-09T09:24:14,140","2026-08-09T09:24:14,140",6a5b8bf7216d9ce22701983a,false
victoire,"[""lore-weaver"",""black-crow"",""demon-slayer"",""witch-doll"",""rose-knight""]","[""lore-weaver"",""demon-slayer"",""rose-knight"",""witch-doll"",""tracker""]",6a78473e1ce7f5d85e18ca4a,"2026-08-09T09:24:14,140","2026-08-09T09:24:14,140",6a5b8bf7216d9ce22701983a,false
defaite,"[""lore-weaver"",""black-crow"",""demon-slayer"",""witch-doll"",""rose-knight""]","[""lore-weaver"",""demon-slayer"",""rose-knight"",""witch-doll"",""tracker""]",6a78473e1ce7f5d85e18ca4b,"2026-08-09T09:24:14,140","2026-08-09T09:24:14,140",6a5b8bf7216d9ce22701983a,false
defaite,"[""prima-donna"",""black-crow"",""demon-slayer"",""witch-doll"",""rose-knight""]","[""lore-weaver"",""demon-slayer"",""rose-knight"",""witch-doll"",""tracker""]",6a78473e1ce7f5d85e18ca4c,"2026-08-09T09:24:14,140","2026-08-09T09:24:14,140",6a5b8bf7216d9ce22701983a,false
victoire,"[""black-crow"",""tracker"",""demon-slayer"",""cursed-hunter"",""rose-knight""]","[""lore-weaver"",""demon-slayer"",""rose-knight"",""witch-doll"",""tracker""]",6a78473e1ce7f5d85e18ca5a,"2026-08-09T09:24:14,140","2026-08-09T09:24:14,140",6a5b8bf7216d9ce22701983a,false
victoire,"[""rose-knight"",""sea-squire"",""dark_magister"",""incinerator"",""sage-of-storms""]","[""boommeister"",""don-guappo"",""big-guy"",""rose-knight"",""tracker""]",6a78473e1ce7f5d85e18ca58,"2026-08-09T09:24:14,140","2026-08-09T09:24:14,140",6a5b8bf7216d9ce22701983a,false
defaite,"[""lore-weaver"",""demon-slayer"",""rose-knight"",""incinerator"",""black-crow""]","[""lore-weaver"",""demon-slayer"",""rose-knight"",""witch-doll"",""tracker""]",6a78473e1ce7f5d85e18ca59,"2026-08-09T09:24:14,140","2026-08-09T09:24:14,140",6a5b8bf7216d9ce22701983a,false
victoire,"[""boommeister"",""rose-knight"",""don-guappo"",""storm-fox"",""black-crow""]","[""tracker"",""rose-knight"",""don-guappo"",""boommeister"",""black-crow""]",6a78473e1ce7f5d85e18ca48,"2026-08-09T09:24:14,140","2026-08-09T09:24:14,140",6a5b8bf7216d9ce22701983a,false
defaite,"[""storm-fox"",""sea-squire"",""dark_magister"",""incinerator"",""sage-of-storms""]","[""boommeister"",""don-guappo"",""big-guy"",""rose-knight"",""tracker""]",6a78473e1ce7f5d85e18ca57,"2026-08-09T09:24:14,140","2026-08-09T09:24:14,140",6a5b8bf7216d9ce22701983a,false
defaite,"[""prima-donna"",""berserker"",""lore-weaver"",""femme-fatale"",""boommeister""]","[""incinerator"",""rose-knight"",""don-guappo"",""demon-slayer"",""tracker""]",6a78473e1ce7f5d85e18ca3f,"2026-08-09T09:24:14,140","2026-08-09T09:24:14,140",6a5b8bf7216d9ce22701983a,false
victoire,"[""lore-weaver"",""demon-slayer"",""rose-knight"",""witch-doll"",""black-crow""]","[""lore-weaver"",""demon-slayer"",""rose-knight"",""witch-doll"",""tracker""]",6a78473e1ce7f5d85e18ca49,"2026-08-09T09:24:14,140","2026-08-09T09:24:14,140",6a5b8bf7216d9ce22701983a,false
defaite,"[""prima-donna"",""black-crow"",""barbarian"",""rose-knight"",""witch-doll""]","[""lore-weaver"",""demon-slayer"",""rose-knight"",""witch-doll"",""tracker""]",6a78473e1ce7f5d85e18ca4e,"2026-08-09T09:24:14,140","2026-08-09T09:24:14,140",6a5b8bf7216d9ce22701983a,false
defaite,"[""lore-weaver"",""soul-forger"",""prima-donna"",""incinerator"",""sage-of-storms""]","[""tracker"",""boommeister"",""don-guappo"",""rose-knight"",""black-crow""]",6a78473e1ce7f5d85e18ca45,"2026-08-09T09:24:14,140","2026-08-09T09:24:14,140",6a5b8bf7216d9ce22701983a,false
defaite,"[""lore-weaver"",""demon-slayer"",""rose-knight"",""black-crow"",""tracker""]","[""lore-weaver"",""demon-slayer"",""rose-knight"",""witch-doll"",""tracker""]",6a78473e1ce7f5d85e18ca54,"2026-08-09T09:24:14,140","2026-08-09T09:24:14,140",6a5b8bf7216d9ce22701983a,false
victoire,"[""black-crow"",""tracker"",""demon-slayer"",""shade"",""rose-knight""]","[""lore-weaver"",""demon-slayer"",""rose-knight"",""witch-doll"",""tracker""]",6a78473e1ce7f5d85e18ca5b,"2026-08-09T09:24:14,140","2026-08-09T09:24:14,140",6a5b8bf7216d9ce22701983a,false
victoire,"[""lore-weaver"",""prima-donna"",""berserker"",""witch-doll"",""sage-of-storms""]","[""boommeister"",""rose-knight"",""tracker"",""demon-slayer"",""don-guappo""]",6a78473e1ce7f5d85e18ca2e,"2026-08-09T09:24:14,139","2026-08-09T09:24:14,139",6a5b8bf7216d9ce22701983a,false
victoire,"[""boommeister"",""rose-knight"",""don-guappo"",""tracker"",""prima-donna""]","[""rose-knight"",""black-crow"",""boommeister"",""tracker"",""don-guappo""]",6a78473e1ce7f5d85e18ca2d,"2026-08-09T09:24:14,139","2026-08-09T09:24:14,139",6a5b8bf7216d9ce22701983a,false
defaite,"[""lore-weaver"",""berserker"",""prima-donna"",""witch-doll"",""sage-of-storms""]","[""boommeister"",""black-crow"",""rose-knight"",""death-knight"",""tracker""]",6a78473e1ce7f5d85e18ca32,"2026-08-09T09:24:14,139","2026-08-09T09:24:14,139",6a5b8bf7216d9ce22701983a,false
defaite,"[""witch-doll"",""twilight-priestess"",""prima-donna"",""sage-of-storms"",""necroduke""]","[""death-knight"",""rose-knight"",""boommeister"",""black-crow"",""tracker""]",6a78473e1ce7f5d85e18ca35,"2026-08-09T09:24:14,139","2026-08-09T09:24:14,139",6a5b8bf7216d9ce22701983a,false
defaite,"[""rose-knight"",""berserker"",""lore-weaver"",""sage-of-storms"",""prima-donna""]","[""boommeister"",""black-crow"",""rose-knight"",""death-knight"",""tracker""]",6a78473e1ce7f5d85e18ca33,"2026-08-09T09:24:14,139","2026-08-09T09:24:14,139",6a5b8bf7216d9ce22701983a,false
victoire,"[""boommeister"",""rose-knight"",""tracker"",""don-guappo"",""prima-donna""]","[""boommeister"",""black-crow"",""rose-knight"",""tracker"",""don-guappo""]",6a78473e1ce7f5d85e18ca37,"2026-08-09T09:24:14,139","2026-08-09T09:24:14,139",6a5b8bf7216d9ce22701983a,false
defaite,"[""sea-squire"",""chronicler"",""storm-fox"",""shade"",""soul-forger""]","[""boommeister"",""don-guappo"",""demon-slayer"",""rose-knight"",""lore-weaver""]",6a78473e1ce7f5d85e18ca2b,"2026-08-09T09:24:14,139","2026-08-09T09:24:14,139",6a5b8bf7216d9ce22701983a,false
victoire,"[""lore-weaver"",""prima-donna"",""berserker"",""witch-doll"",""sage-of-storms""]","[""boommeister"",""rose-knight"",""tracker"",""demon-slayer"",""don-guappo""]",6a78473e1ce7f5d85e18ca2f,"2026-08-09T09:24:14,139","2026-08-09T09:24:14,139",6a5b8bf7216d9ce22701983a,false
victoire,"[""lore-weaver"",""prima-donna"",""berserker"",""witch-doll"",""sage-of-storms""]","[""boommeister"",""rose-knight"",""tracker"",""demon-slayer"",""don-guappo""]",6a78473e1ce7f5d85e18ca30,"2026-08-09T09:24:14,139","2026-08-09T09:24:14,139",6a5b8bf7216d9ce22701983a,false
victoire,"[""boommeister"",""rose-knight"",""demon-slayer"",""don-guappo"",""prima-donna""]","[""boommeister"",""rose-knight"",""demon-slayer"",""tracker"",""don-guappo""]",6a78473e1ce7f5d85e18ca36,"2026-08-09T09:24:14,139","2026-08-09T09:24:14,139",6a5b8bf7216d9ce22701983a,false
defaite,"[""prima-donna"",""berserker"",""lore-weaver"",""boommeister"",""grove-guardian""]","[""demon-slayer"",""rose-knight"",""shade"",""don-guappo"",""cursed-hunter""]",6a78473e1ce7f5d85e18ca39,"2026-08-09T09:24:14,139","2026-08-09T09:24:14,139",6a5b8bf7216d9ce22701983a,false
defaite,"[""witch-doll"",""berserker"",""prima-donna"",""don-guappo"",""lore-weaver""]","[""death-knight"",""rose-knight"",""boommeister"",""black-crow"",""tracker""]",6a78473e1ce7f5d85e18ca34,"2026-08-09T09:24:14,139","2026-08-09T09:24:14,139",6a5b8bf7216d9ce22701983a,false
victoire,"[""boommeister"",""black-crow"",""rose-knight"",""tracker"",""soul-forger""]","[""boommeister"",""black-crow"",""rose-knight"",""tracker"",""death-knight""]",6a78473e1ce7f5d85e18ca38,"2026-08-09T09:24:14,139","2026-08-09T09:24:14,139",6a5b8bf7216d9ce22701983a,false
victoire,"[""boommeister"",""rose-knight"",""don-guappo"",""demon-slayer"",""prima-donna""]","[""boommeister"",""demon-slayer"",""rose-knight"",""tracker"",""don-guappo""]",6a78473e1ce7f5d85e18ca2c,"2026-08-09T09:24:14,139","2026-08-09T09:24:14,139",6a5b8bf7216d9ce22701983a,false
defaite,"[""sea-squire"",""bombin-goblin"",""sage-of-storms"",""twilight-priestess"",""oath-keeper""]","[""boommeister"",""don-guappo"",""demon-slayer"",""rose-knight"",""lore-weaver""]",6a78473e1ce7f5d85e18ca29,"2026-08-09T09:24:14,139","2026-08-09T09:24:14,139",6a5b8bf7216d9ce22701983a,false
defaite,"[""boommeister"",""rose-knight"",""shade"",""berserker"",""prima-donna""]","[""demon-slayer"",""rose-knight"",""shade"",""cursed-hunter"",""don-guappo""]",6a78473e1ce7f5d85e18ca3a,"2026-08-09T09:24:14,139","2026-08-09T09:24:14,139",6a5b8bf7216d9ce22701983a,false
defaite,"[""sea-squire"",""snow-queen"",""necroduke"",""twilight-priestess"",""scarlet-bolt""]","[""boommeister"",""don-guappo"",""demon-slayer"",""rose-knight"",""lore-weaver""]",6a78473e1ce7f5d85e18ca2a,"2026-08-09T09:24:14,139","2026-08-09T09:24:14,139",6a5b8bf7216d9ce22701983a,false
victoire,"[""lore-weaver"",""prima-donna"",""berserker"",""witch-doll"",""sage-of-storms""]","[""boommeister"",""rose-knight"",""tracker"",""demon-slayer"",""don-guappo""]",6a78473e1ce7f5d85e18ca31,"2026-08-09T09:24:14,139","2026-08-09T09:24:14,139",6a5b8bf7216d9ce22701983a,false
defaite,"[""boommeister"",""rose-knight"",""cursed-hunter"",""incinerator"",""black-crow""]","[""demon-slayer"",""rose-knight"",""witch-doll"",""tracker"",""lore-weaver""]",6a7846bb49f0b85ff40749d7,"2026-08-09T09:22:03,330","2026-08-09T09:22:03,330",6a5b8bf7216d9ce22701983a,false
defaite,"[""boommeister"",""rose-knight"",""cursed-hunter"",""lore-weaver"",""black-crow""]","[""demon-slayer"",""rose-knight"",""witch-doll"",""tracker"",""lore-weaver""]",6a7846bb49f0b85ff40749d8,"2026-08-09T09:22:03,330","2026-08-09T09:22:03,330",6a5b8bf7216d9ce22701983a,false
defaite,"[""boommeister"",""demon-slayer"",""prima-donna"",""don-guappo"",""rose-knight""]","[""lore-weaver"",""demon-slayer"",""rose-knight"",""witch-doll"",""tracker""]",6a7846bb49f0b85ff40749e1,"2026-08-09T09:22:03,330","2026-08-09T09:22:03,330",6a5b8bf7216d9ce22701983a,false
victoire,"[""demon-slayer"",""lore-weaver"",""rose-knight"",""black-crow"",""witch-doll""]","[""lore-weaver"",""demon-slayer"",""rose-knight"",""witch-doll"",""tracker""]",6a7846bb49f0b85ff40749dc,"2026-08-09T09:22:03,330","2026-08-09T09:22:03,330",6a5b8bf7216d9ce22701983a,false
defaite,"[""demon-slayer"",""lore-weaver"",""rose-knight"",""shade"",""witch-doll""]","[""lore-weaver"",""demon-slayer"",""rose-knight"",""witch-doll"",""tracker""]",6a7846bb49f0b85ff40749db,"2026-08-09T09:22:03,330","2026-08-09T09:22:03,330",6a5b8bf7216d9ce22701983a,false
victoire,"[""boommeister"",""rose-knight"",""don-guappo"",""demon-slayer"",""prima-donna""]","[""boommeister"",""rose-knight"",""don-guappo"",""demon-slayer"",""tracker""]",6a7846bb49f0b85ff40749d3,"2026-08-09T09:22:03,330","2026-08-09T09:22:03,330",6a5b8bf7216d9ce22701983a,false
defaite,"[""boommeister"",""don-guappo"",""rose-knight"",""incinerator"",""black-crow""]","[""prima-donna"",""demon-slayer"",""rose-knight"",""witch-doll"",""tracker""]",6a7846bb49f0b85ff40749d5,"2026-08-09T09:22:03,330","2026-08-09T09:22:03,330",6a5b8bf7216d9ce22701983a,false
defaite,"[""demon-slayer"",""lore-weaver"",""rose-knight"",""sea-squire"",""witch-doll""]","[""demon-slayer"",""rose-knight"",""witch-doll"",""tracker"",""lore-weaver""]",6a7846bb49f0b85ff40749d6,"2026-08-09T09:22:03,330","2026-08-09T09:22:03,330",6a5b8bf7216d9ce22701983a,false
defaite,"[""black-crow"",""demon-slayer"",""lore-weaver"",""rose-knight"",""witch-doll""]","[""lore-weaver"",""demon-slayer"",""rose-knight"",""witch-doll"",""tracker""]",6a7846bb49f0b85ff40749de,"2026-08-09T09:22:03,330","2026-08-09T09:22:03,330",6a5b8bf7216d9ce22701983a,false
defaite,"[""prima-donna"",""demon-slayer"",""rose-knight"",""don-guappo"",""black-crow""]","[""prima-donna"",""demon-slayer"",""rose-knight"",""witch-doll"",""tracker""]",6a7846bb49f0b85ff40749d4,"2026-08-09T09:22:03,330","2026-08-09T09:22:03,330",6a5b8bf7216d9ce22701983a,false
defaite,"[""demon-slayer"",""lore-weaver"",""rose-knight"",""sea-squire"",""witch-doll""]","[""lore-weaver"",""demon-slayer"",""rose-knight"",""witch-doll"",""tracker""]",6a7846bb49f0b85ff40749e0,"2026-08-09T09:22:03,330","2026-08-09T09:22:03,330",6a5b8bf7216d9ce22701983a,false
defaite,"[""boommeister"",""don-guappo"",""shade"",""demon-slayer"",""black-crow""]","[""lore-weaver"",""demon-slayer"",""rose-knight"",""witch-doll"",""tracker""]",6a7846bb49f0b85ff40749da,"2026-08-09T09:22:03,330","2026-08-09T09:22:03,330",6a5b8bf7216d9ce22701983a,false
defaite,"[""boommeister"",""don-guappo"",""scarlet-bolt"",""prima-donna"",""berserker""]","[""lore-weaver"",""demon-slayer"",""rose-knight"",""witch-doll"",""tracker""]",6a7846bb49f0b85ff40749df,"2026-08-09T09:22:03,330","2026-08-09T09:22:03,330",6a5b8bf7216d9ce22701983a,false
defaite,"[""demon-slayer"",""lore-weaver"",""rose-knight"",""sea-squire"",""snow-queen""]","[""lore-weaver"",""demon-slayer"",""rose-knight"",""witch-doll"",""tracker""]",6a7846bb49f0b85ff40749d9,"2026-08-09T09:22:03,330","2026-08-09T09:22:03,330",6a5b8bf7216d9ce22701983a,false
victoire,"[""berserker"",""lore-weaver"",""prima-donna"",""sage-of-storms"",""witch-doll""]","[""boommeister"",""rose-knight"",""don-guappo"",""demon-slayer"",""tracker""]",6a7846bb49f0b85ff40749dd,"2026-08-09T09:22:03,330","2026-08-09T09:22:03,330",6a5b8bf7216d9ce22701983a,false
defaite,"[""lore-weaver"",""demon-slayer"",""magmaroid"",""black-crow"",""tracker""]","[""lore-weaver"",""demon-slayer"",""rose-knight"",""witch-doll"",""tracker""]",6a7846bb49f0b85ff40749aa,"2026-08-09T09:22:03,328","2026-08-09T09:22:03,328",6a5b8bf7216d9ce22701983a,false
victoire,"[""petite-devil"",""witch-doll"",""rose-knight"",""sea-squire"",""lore-weaver""]","[""petite-devil"",""demon-slayer"",""rose-knight"",""lore-weaver"",""tracker""]",6a7846bb49f0b85ff40749c3,"2026-08-09T09:22:03,328","2026-08-09T09:22:03,328",6a5b8bf7216d9ce22701983a,false
victoire,"[""sea-squire"",""demon-slayer"",""rose-knight"",""witch-doll"",""lore-weaver""]","[""demon-slayer"",""rose-knight"",""lore-weaver"",""tracker"",""witch-doll""]",6a7846bb49f0b85ff40749c4,"2026-08-09T09:22:03,328","2026-08-09T09:22:03,328",6a5b8bf7216d9ce22701983a,false
victoire,"[""tracker"",""rose-knight"",""death-knight"",""boommeister"",""black-crow""]","[""boommeister"",""demon-slayer"",""rose-knight"",""shade"",""tracker""]",6a7846bb49f0b85ff40749c9,"2026-08-09T09:22:03,328","2026-08-09T09:22:03,328",6a5b8bf7216d9ce22701983a,false
victoire,"[""tracker"",""rose-knight"",""don-guappo"",""boommeister"",""black-crow""]","[""boommeister"",""rose-knight"",""don-guappo"",""demon-slayer"",""tracker""]",6a7846bb49f0b85ff40749cb,"2026-08-09T09:22:03,328","2026-08-09T09:22:03,328",6a5b8bf7216d9ce22701983a,false
victoire,"[""lore-weaver"",""rose-knight"",""don-guappo"",""petite-devil"",""black-crow""]","[""tracker"",""rose-knight"",""don-guappo"",""grove-guardian"",""black-crow""]",6a7846bb49f0b85ff40749b6,"2026-08-09T09:22:03,328","2026-08-09T09:22:03,328",6a5b8bf7216d9ce22701983a,false
victoire,"[""boommeister"",""rose-knight"",""death-knight"",""snow-queen"",""tracker""]","[""boommeister"",""rose-knight"",""death-knight"",""incinerator"",""tracker""]",6a7846bb49f0b85ff40749b8,"2026-08-09T09:22:03,328","2026-08-09T09:22:03,328",6a5b8bf7216d9ce22701983a,false
victoire,"[""boommeister"",""demon-slayer"",""rose-knight"",""scarlet-bolt"",""lore-weaver""]","[""lore-weaver"",""demon-slayer"",""rose-knight"",""witch-doll"",""tracker""]",6a7846bb49f0b85ff40749ce,"2026-08-09T09:22:03,328","2026-08-09T09:22:03,328",6a5b8bf7216d9ce22701983a,false
defaite,"[""lore-weaver"",""demon-slayer"",""rose-knight"",""black-crow"",""tracker""]","[""lore-weaver"",""demon-slayer"",""rose-knight"",""witch-doll"",""tracker""]",6a7846bb49f0b85ff40749a9,"2026-08-09T09:22:03,328","2026-08-09T09:22:03,328",6a5b8bf7216d9ce22701983a,false
victoire,"[""rose-knight"",""demon-slayer"",""magmaroid"",""black-crow"",""tracker""]","[""lore-weaver"",""demon-slayer"",""rose-knight"",""witch-doll"",""tracker""]",6a7846bb49f0b85ff40749ab,"2026-08-09T09:22:03,328","2026-08-09T09:22:03,328",6a5b8bf7216d9ce22701983a,false
victoire,"[""tracker"",""snow-queen"",""rose-knight"",""lore-weaver"",""black-crow""]","[""tracker"",""holy-sword"",""rose-knight"",""boommeister"",""black-crow""]",6a7846bb49f0b85ff40749bf,"2026-08-09T09:22:03,328","2026-08-09T09:22:03,328",6a5b8bf7216d9ce22701983a,false
victoire,"[""boommeister"",""rose-knight"",""don-guappo"",""demon-slayer"",""tracker""]","[""demon-slayer"",""rose-knight"",""petite-devil"",""witch-doll"",""tracker""]",6a7846bb49f0b85ff40749c6,"2026-08-09T09:22:03,328","2026-08-09T09:22:03,328",6a5b8bf7216d9ce22701983a,false
victoire,"[""trickster"",""rose-knight"",""don-guappo"",""boommeister"",""black-crow""]","[""trickster"",""boommeister"",""rose-knight"",""tracker"",""black-crow""]",6a7846bb49f0b85ff40749cc,"2026-08-09T09:22:03,328","2026-08-09T09:22:03,328",6a5b8bf7216d9ce22701983a,false
victoire,"[""sea-squire"",""demon-slayer"",""rose-knight"",""witch-doll"",""lore-weaver""]","[""demon-slayer"",""rose-knight"",""lore-weaver"",""tracker"",""witch-doll""]",6a7846bb49f0b85ff40749c5,"2026-08-09T09:22:03,328","2026-08-09T09:22:03,328",6a5b8bf7216d9ce22701983a,false
victoire,"[""prima-donna"",""rose-knight"",""don-guappo"",""boommeister"",""tracker""]","[""tracker"",""rose-knight"",""don-guappo"",""boommeister"",""black-crow""]",6a7846bb49f0b85ff40749d2,"2026-08-09T09:22:03,328","2026-08-09T09:22:03,328",6a5b8bf7216d9ce22701983a,false
victoire,"[""lore-weaver"",""demon-slayer"",""rose-knight"",""witch-doll"",""tracker""]","[""lore-weaver"",""demon-slayer"",""rose-knight"",""tracker"",""snow-queen""]",6a7846bb49f0b85ff40749c1,"2026-08-09T09:22:03,328","2026-08-09T09:22:03,328",6a5b8bf7216d9ce22701983a,false
victoire,"[""tracker"",""snow-queen"",""rose-knight"",""prima-donna"",""black-crow""]","[""lore-weaver"",""demon-slayer"",""rose-knight"",""witch-doll"",""tracker""]",6a7846bb49f0b85ff40749b4,"2026-08-09T09:22:03,328","2026-08-09T09:22:03,328",6a5b8bf7216d9ce22701983a,false
victoire,"[""tracker"",""snow-queen"",""rose-knight"",""lore-weaver"",""black-crow""]","[""tracker"",""demon-slayer"",""rose-knight"",""lore-weaver"",""black-crow""]",6a7846bb49f0b85ff40749b9,"2026-08-09T09:22:03,328","2026-08-09T09:22:03,328",6a5b8bf7216d9ce22701983a,false
victoire,"[""tracker"",""snow-queen"",""rose-knight"",""lore-weaver"",""black-crow""]","[""lore-weaver"",""demon-slayer"",""rose-knight"",""witch-doll"",""tracker""]",6a7846bb49f0b85ff40749bd,"2026-08-09T09:22:03,328","2026-08-09T09:22:03,328",6a5b8bf7216d9ce22701983a,false
victoire,"[""lore-weaver"",""demon-slayer"",""rose-knight"",""snow-queen"",""black-crow""]","[""lore-weaver"",""demon-slayer"",""rose-knight"",""witch-doll"",""tracker""]",6a7846bb49f0b85ff40749c7,"2026-08-09T09:22:03,328","2026-08-09T09:22:03,328",6a5b8bf7216d9ce22701983a,false
victoire,"[""boommeister"",""rose-knight"",""don-guappo"",""demon-slayer"",""lore-weaver""]","[""boommeister"",""rose-knight"",""don-guappo"",""demon-slayer"",""tracker""]",6a7846bb49f0b85ff40749cf,"2026-08-09T09:22:03,328","2026-08-09T09:22:03,328",6a5b8bf7216d9ce22701983a,false
victoire,"[""tracker"",""rose-knight"",""death-knight"",""boommeister"",""black-crow""]","[""boommeister"",""rose-knight"",""don-guappo"",""demon-slayer"",""tracker""]",6a7846bb49f0b85ff40749bb,"2026-08-09T09:22:03,328","2026-08-09T09:22:03,328",6a5b8bf7216d9ce22701983a,false
victoire,"[""trickster"",""rose-knight"",""death-knight"",""boommeister"",""black-crow""]","[""snow-queen"",""demon-slayer"",""rose-knight"",""witch-doll"",""lore-weaver""]",6a7846bb49f0b85ff40749be,"2026-08-09T09:22:03,328","2026-08-09T09:22:03,328",6a5b8bf7216d9ce22701983a,false
victoire,"[""petite-devil"",""rose-knight"",""don-guappo"",""witch-doll"",""lore-weaver""]","[""lore-weaver"",""demon-slayer"",""rose-knight"",""witch-doll"",""tracker""]",6a7846bb49f0b85ff40749c0,"2026-08-09T09:22:03,328","2026-08-09T09:22:03,328",6a5b8bf7216d9ce22701983a,false
defaite,"[""lore-weaver"",""demon-slayer"",""rose-knight"",""incinerator"",""witch-doll""]","[""lore-weaver"",""demon-slayer"",""rose-knight"",""witch-doll"",""tracker""]",6a7846bb49f0b85ff40749b3,"2026-08-09T09:22:03,328","2026-08-09T09:22:03,328",6a5b8bf7216d9ce22701983a,false
victoire,"[""snow-queen"",""demon-slayer"",""rose-knight"",""witch-doll"",""lore-weaver""]","[""lore-weaver"",""demon-slayer"",""rose-knight"",""snow-queen"",""tracker""]",6a7846bb49f0b85ff40749b5,"2026-08-09T09:22:03,328","2026-08-09T09:22:03,328",6a5b8bf7216d9ce22701983a,false
victoire,"[""lore-weaver"",""rose-knight"",""don-guappo"",""boommeister"",""black-crow""]","[""tracker"",""rose-knight"",""don-guappo"",""boommeister"",""black-crow""]",6a7846bb49f0b85ff40749b7,"2026-08-09T09:22:03,328","2026-08-09T09:22:03,328",6a5b8bf7216d9ce22701983a,false
victoire,"[""petite-devil"",""rose-knight"",""don-guappo"",""witch-doll"",""lore-weaver""]","[""petite-devil"",""demon-slayer"",""rose-knight"",""witch-doll"",""lore-weaver""]",6a7846bb49f0b85ff40749c2,"2026-08-09T09:22:03,328","2026-08-09T09:22:03,328",6a5b8bf7216d9ce22701983a,false
victoire,"[""tracker"",""rose-knight"",""child-of-light"",""boommeister"",""black-crow""]","[""tracker"",""demon-slayer"",""rose-knight"",""boommeister"",""black-crow""]",6a7846bb49f0b85ff40749c8,"2026-08-09T09:22:03,328","2026-08-09T09:22:03,328",6a5b8bf7216d9ce22701983a,false
victoire,"[""black-crow"",""tracker"",""demon-slayer"",""shade"",""rose-knight""]","[""lore-weaver"",""demon-slayer"",""rose-knight"",""witch-doll"",""tracker""]",6a7846bb49f0b85ff40749b0,"2026-08-09T09:22:03,328","2026-08-09T09:22:03,328",6a5b8bf7216d9ce22701983a,false
victoire,"[""lore-weaver"",""rose-knight"",""don-guappo"",""petite-devil"",""tracker""]","[""lore-weaver"",""rose-knight"",""don-guappo"",""demon-slayer"",""black-crow""]",6a7846bb49f0b85ff40749bc,"2026-08-09T09:22:03,328","2026-08-09T09:22:03,328",6a5b8bf7216d9ce22701983a,false
defaite,"[""lore-weaver"",""demon-slayer"",""rose-knight"",""incinerator"",""black-crow""]","[""lore-weaver"",""demon-slayer"",""rose-knight"",""witch-doll"",""tracker""]",6a7846bb49f0b85ff40749ae,"2026-08-09T09:22:03,328","2026-08-09T09:22:03,328",6a5b8bf7216d9ce22701983a,false
victoire,"[""boommeister"",""demon-slayer"",""rose-knight"",""shade"",""tracker""]","[""lore-weaver"",""demon-slayer"",""rose-knight"",""witch-doll"",""tracker""]",6a7846bb49f0b85ff40749cd,"2026-08-09T09:22:03,328","2026-08-09T09:22:03,328",6a5b8bf7216d9ce22701983a,false
victoire,"[""cursed-hunter"",""rose-knight"",""don-guappo"",""demon-slayer"",""boommeister""]","[""petite-devil"",""demon-slayer"",""rose-knight"",""witch-doll"",""lore-weaver""]",6a7846bb49f0b85ff40749d0,"2026-08-09T09:22:03,328","2026-08-09T09:22:03,328",6a5b8bf7216d9ce22701983a,false
victoire,"[""boommeister"",""rose-knight"",""don-guappo"",""demon-slayer"",""lore-weaver""]","[""lore-weaver"",""demon-slayer"",""rose-knight"",""boommeister"",""tracker""]",6a7846bb49f0b85ff40749d1,"2026-08-09T09:22:03,328","2026-08-09T09:22:03,328",6a5b8bf7216d9ce22701983a,false
victoire,"[""rose-knight"",""sea-squire"",""dark_magister"",""incinerator"",""sage-of-storms""]","[""boommeister"",""don-guappo"",""big-guy"",""rose-knight"",""tracker""]",6a7846bb49f0b85ff40749ad,"2026-08-09T09:22:03,328","2026-08-09T09:22:03,328",6a5b8bf7216d9ce22701983a,false
victoire,"[""boommeister"",""demon-slayer"",""rose-knight"",""snow-queen"",""tracker""]","[""lore-weaver"",""demon-slayer"",""rose-knight"",""witch-doll"",""tracker""]",6a7846bb49f0b85ff40749ca,"2026-08-09T09:22:03,328","2026-08-09T09:22:03,328",6a5b8bf7216d9ce22701983a,false
defaite,"[""cursed-hunter"",""don-guappo"",""rose-knight"",""incinerator"",""shade""]","[""prima-donna"",""demon-slayer"",""rose-knight"",""witch-doll"",""tracker""]",6a7846bb49f0b85ff40749b1,"2026-08-09T09:22:03,328","2026-08-09T09:22:03,328",6a5b8bf7216d9ce22701983a,false
defaite,"[""prima-donna"",""demon-slayer"",""rose-knight"",""scarlet-bolt"",""tracker""]","[""prima-donna"",""demon-slayer"",""rose-knight"",""witch-doll"",""tracker""]",6a7846bb49f0b85ff40749b2,"2026-08-09T09:22:03,328","2026-08-09T09:22:03,328",6a5b8bf7216d9ce22701983a,false
victoire,"[""boommeister"",""rose-knight"",""don-guappo"",""scarlet-bolt"",""tracker""]","[""petite-devil"",""don-guappo"",""berserker"",""rose-knight"",""lore-weaver""]",6a7846bb49f0b85ff40749ba,"2026-08-09T09:22:03,328","2026-08-09T09:22:03,328",6a5b8bf7216d9ce22701983a,false
defaite,"[""storm-fox"",""sea-squire"",""dark_magister"",""incinerator"",""sage-of-storms""]","[""boommeister"",""don-guappo"",""big-guy"",""rose-knight"",""tracker""]",6a7846bb49f0b85ff40749ac,"2026-08-09T09:22:03,328","2026-08-09T09:22:03,328",6a5b8bf7216d9ce22701983a,false
victoire,"[""black-crow"",""tracker"",""demon-slayer"",""cursed-hunter"",""rose-knight""]","[""lore-weaver"",""demon-slayer"",""rose-knight"",""witch-doll"",""tracker""]",6a7846bb49f0b85ff40749af,"2026-08-09T09:22:03,328","2026-08-09T09:22:03,328",6a5b8bf7216d9ce22701983a,false
defaite,"[""sea-squire"",""snow-queen"",""necroduke"",""twilight-priestess"",""scarlet-bolt""]","[""boommeister"",""don-guappo"",""demon-slayer"",""rose-knight"",""lore-weaver""]",6a7846bb49f0b85ff407497f,"2026-08-09T09:22:03,327","2026-08-09T09:22:03,327",6a5b8bf7216d9ce22701983a,false
victoire,"[""lore-weaver"",""prima-donna"",""berserker"",""witch-doll"",""sage-of-storms""]","[""boommeister"",""rose-knight"",""tracker"",""demon-slayer"",""don-guappo""]",6a7846bb49f0b85ff4074984,"2026-08-09T09:22:03,327","2026-08-09T09:22:03,327",6a5b8bf7216d9ce22701983a,false
defaite,"[""lore-weaver"",""soul-forger"",""snow-queen"",""incinerator"",""storm-fox""]","[""boommeister"",""black-crow"",""tracker"",""rose-knight"",""death-knight""]",6a7846bb49f0b85ff4074998,"2026-08-09T09:22:03,327","2026-08-09T09:22:03,327",6a5b8bf7216d9ce22701983a,false
defaite,"[""prima-donna"",""tracker"",""rose-knight"",""magmaroid"",""demon-slayer""]","[""lore-weaver"",""demon-slayer"",""rose-knight"",""witch-doll"",""tracker""]",6a7846bb49f0b85ff40749a8,"2026-08-09T09:22:03,327","2026-08-09T09:22:03,327",6a5b8bf7216d9ce22701983a,false
defaite,"[""boommeister"",""demon-slayer"",""rose-knight"",""don-guappo"",""petite-devil""]","[""boommeister"",""rose-knight"",""don-guappo"",""demon-slayer"",""tracker""]",6a7846bb49f0b85ff4074996,"2026-08-09T09:22:03,327","2026-08-09T09:22:03,327",6a5b8bf7216d9ce22701983a,false
defaite,"[""prima-donna"",""demon-slayer"",""rose-knight"",""night-raven"",""tracker""]","[""songstress-of-the-sea"",""witch-doll"",""rose-knight"",""snail-princess"",""lore-weaver""]",6a7846bb49f0b85ff407499c,"2026-08-09T09:22:03,327","2026-08-09T09:22:03,327",6a5b8bf7216d9ce22701983a,false
victoire,"[""lore-weaver"",""demon-slayer"",""rose-knight"",""witch-doll"",""black-crow""]","[""lore-weaver"",""demon-slayer"",""rose-knight"",""witch-doll"",""tracker""]",6a7846bb49f0b85ff407499e,"2026-08-09T09:22:03,327","2026-08-09T09:22:03,327",6a5b8bf7216d9ce22701983a,false
defaite,"[""prima-donna"",""tracker"",""rose-knight"",""incinerator"",""demon-slayer""]","[""lore-weaver"",""demon-slayer"",""rose-knight"",""witch-doll"",""tracker""]",6a7846bb49f0b85ff40749a6,"2026-08-09T09:22:03,327","2026-08-09T09:22:03,327",6a5b8bf7216d9ce22701983a,false
defaite,"[""lore-weaver"",""berserker"",""prima-donna"",""witch-doll"",""sage-of-storms""]","[""boommeister"",""black-crow"",""rose-knight"",""death-knight"",""tracker""]",6a7846bb49f0b85ff4074987,"2026-08-09T09:22:03,327","2026-08-09T09:22:03,327",6a5b8bf7216d9ce22701983a,false
defaite,"[""witch-doll"",""berserker"",""prima-donna"",""don-guappo"",""lore-weaver""]","[""death-knight"",""rose-knight"",""boommeister"",""black-crow"",""tracker""]",6a7846bb49f0b85ff4074989,"2026-08-09T09:22:03,327","2026-08-09T09:22:03,327",6a5b8bf7216d9ce22701983a,false
victoire,"[""boommeister"",""rose-knight"",""don-guappo"",""tracker"",""prima-donna""]","[""rose-knight"",""black-crow"",""boommeister"",""tracker"",""don-guappo""]",6a7846bb49f0b85ff4074982,"2026-08-09T09:22:03,327","2026-08-09T09:22:03,327",6a5b8bf7216d9ce22701983a,false
victoire,"[""boommeister"",""rose-knight"",""don-guappo"",""storm-fox"",""black-crow""]","[""tracker"",""rose-knight"",""don-guappo"",""boommeister"",""black-crow""]",6a7846bb49f0b85ff407499d,"2026-08-09T09:22:03,327","2026-08-09T09:22:03,327",6a5b8bf7216d9ce22701983a,false
victoire,"[""lore-weaver"",""prima-donna"",""berserker"",""witch-doll"",""sage-of-storms""]","[""boommeister"",""rose-knight"",""tracker"",""demon-slayer"",""don-guappo""]",6a7846bb49f0b85ff4074986,"2026-08-09T09:22:03,327","2026-08-09T09:22:03,327",6a5b8bf7216d9ce22701983a,false
victoire,"[""snow-queen"",""black-crow"",""rose-knight"",""tracker"",""lore-weaver""]","[""tracker"",""rose-knight"",""black-crow"",""boommeister"",""holy-sword""]",6a7846bb49f0b85ff4074993,"2026-08-09T09:22:03,327","2026-08-09T09:22:03,327",6a5b8bf7216d9ce22701983a,false
defaite,"[""sea-squire"",""bombin-goblin"",""sage-of-storms"",""twilight-priestess"",""oath-keeper""]","[""boommeister"",""don-guappo"",""demon-slayer"",""rose-knight"",""lore-weaver""]",6a7846bb49f0b85ff407497e,"2026-08-09T09:22:03,327","2026-08-09T09:22:03,327",6a5b8bf7216d9ce22701983a,false
victoire,"[""boommeister"",""rose-knight"",""tracker"",""don-guappo"",""prima-donna""]","[""boommeister"",""black-crow"",""rose-knight"",""tracker"",""don-guappo""]",6a7846bb49f0b85ff407498c,"2026-08-09T09:22:03,327","2026-08-09T09:22:03,327",6a5b8bf7216d9ce22701983a,false
defaite,"[""boommeister"",""rose-knight"",""shade"",""berserker"",""prima-donna""]","[""demon-slayer"",""rose-knight"",""shade"",""cursed-hunter"",""don-guappo""]",6a7846bb49f0b85ff407498f,"2026-08-09T09:22:03,327","2026-08-09T09:22:03,327",6a5b8bf7216d9ce22701983a,false
defaite,"[""magmaroid"",""witch-doll"",""prima-donna"",""grim-wolf"",""big-guy""]","[""incinerator"",""rose-knight"",""don-guappo"",""demon-slayer"",""tracker""]",6a7846bb49f0b85ff4074995,"2026-08-09T09:22:03,327","2026-08-09T09:22:03,327",6a5b8bf7216d9ce22701983a,false
victoire,"[""lore-weaver"",""soul-forger"",""snow-queen"",""incinerator"",""storm-fox""]","[""boommeister"",""black-crow"",""tracker"",""rose-knight"",""death-knight""]",6a7846bb49f0b85ff4074997,"2026-08-09T09:22:03,327","2026-08-09T09:22:03,327",6a5b8bf7216d9ce22701983a,false
defaite,"[""prima-donna"",""black-crow"",""barbarian"",""rose-knight"",""witch-doll""]","[""lore-weaver"",""demon-slayer"",""rose-knight"",""witch-doll"",""tracker""]",6a7846bb49f0b85ff40749a3,"2026-08-09T09:22:03,327","2026-08-09T09:22:03,327",6a5b8bf7216d9ce22701983a,false
defaite,"[""rose-knight"",""berserker"",""lore-weaver"",""sage-of-storms"",""prima-donna""]","[""boommeister"",""black-crow"",""rose-knight"",""death-knight"",""tracker""]",6a7846bb49f0b85ff4074988,"2026-08-09T09:22:03,327","2026-08-09T09:22:03,327",6a5b8bf7216d9ce22701983a,false
defaite,"[""lore-weaver"",""black-crow"",""demon-slayer"",""witch-doll"",""rose-knight""]","[""lore-weaver"",""demon-slayer"",""rose-knight"",""witch-doll"",""tracker""]",6a7846bb49f0b85ff40749a0,"2026-08-09T09:22:03,327","2026-08-09T09:22:03,327",6a5b8bf7216d9ce22701983a,false
victoire,"[""lore-weaver"",""prima-donna"",""berserker"",""witch-doll"",""sage-of-storms""]","[""boommeister"",""rose-knight"",""tracker"",""demon-slayer"",""don-guappo""]",6a7846bb49f0b85ff4074985,"2026-08-09T09:22:03,327","2026-08-09T09:22:03,327",6a5b8bf7216d9ce22701983a,false
defaite,"[""rose-knight"",""berserker"",""demon-slayer"",""cursed-hunter"",""don-guappo""]","[""rose-knight"",""shade"",""demon-slayer"",""cursed-hunter"",""don-guappo""]",6a7846bb49f0b85ff4074990,"2026-08-09T09:22:03,327","2026-08-09T09:22:03,327",6a5b8bf7216d9ce22701983a,false
defaite,"[""prima-donna"",""berserker"",""lore-weaver"",""boommeister"",""grove-guardian""]","[""demon-slayer"",""rose-knight"",""shade"",""don-guappo"",""cursed-hunter""]",6a7846bb49f0b85ff407498e,"2026-08-09T09:22:03,327","2026-08-09T09:22:03,327",6a5b8bf7216d9ce22701983a,false
defaite,"[""lore-weaver"",""soul-forger"",""prima-donna"",""incinerator"",""sage-of-storms""]","[""tracker"",""boommeister"",""don-guappo"",""rose-knight"",""black-crow""]",6a7846bb49f0b85ff407499a,"2026-08-09T09:22:03,327","2026-08-09T09:22:03,327",6a5b8bf7216d9ce22701983a,false
defaite,"[""sea-squire"",""chronicler"",""storm-fox"",""shade"",""soul-forger""]","[""boommeister"",""don-guappo"",""demon-slayer"",""rose-knight"",""lore-weaver""]",6a7846bb49f0b85ff4074980,"2026-08-09T09:22:03,327","2026-08-09T09:22:03,327",6a5b8bf7216d9ce22701983a,false
defaite,"[""lore-weaver"",""tracker"",""rose-knight"",""magmaroid"",""demon-slayer""]","[""lore-weaver"",""demon-slayer"",""rose-knight"",""witch-doll"",""tracker""]",6a7846bb49f0b85ff40749a7,"2026-08-09T09:22:03,327","2026-08-09T09:22:03,327",6a5b8bf7216d9ce22701983a,false
defaite,"[""witch-doll"",""twilight-priestess"",""prima-donna"",""sage-of-storms"",""necroduke""]","[""death-knight"",""rose-knight"",""boommeister"",""black-crow"",""tracker""]",6a7846bb49f0b85ff407498a,"2026-08-09T09:22:03,327","2026-08-09T09:22:03,327",6a5b8bf7216d9ce22701983a,false
defaite,"[""lore-weaver"",""black-crow"",""barbarian"",""rose-knight"",""witch-doll""]","[""lore-weaver"",""demon-slayer"",""rose-knight"",""witch-doll"",""tracker""]",6a7846bb49f0b85ff40749a2,"2026-08-09T09:22:03,327","2026-08-09T09:22:03,327",6a5b8bf7216d9ce22701983a,false
defaite,"[""lore-weaver"",""boommeister"",""rose-knight"",""incinerator"",""demon-slayer""]","[""lore-weaver"",""demon-slayer"",""rose-knight"",""witch-doll"",""tracker""]",6a7846bb49f0b85ff40749a4,"2026-08-09T09:22:03,327","2026-08-09T09:22:03,327",6a5b8bf7216d9ce22701983a,false
defaite,"[""lore-weaver"",""tracker"",""rose-knight"",""incinerator"",""demon-slayer""]","[""lore-weaver"",""demon-slayer"",""rose-knight"",""witch-doll"",""tracker""]",6a7846bb49f0b85ff40749a5,"2026-08-09T09:22:03,327","2026-08-09T09:22:03,327",6a5b8bf7216d9ce22701983a,false
victoire,"[""boommeister"",""rose-knight"",""don-guappo"",""demon-slayer"",""prima-donna""]","[""boommeister"",""demon-slayer"",""rose-knight"",""tracker"",""don-guappo""]",6a7846bb49f0b85ff4074981,"2026-08-09T09:22:03,327","2026-08-09T09:22:03,327",6a5b8bf7216d9ce22701983a,false
defaite,"[""don-guappo"",""soul-forger"",""prima-donna"",""death-knight"",""sage-of-storms""]","[""boommeister"",""rose-knight"",""tracker"",""holy-sword"",""lore-weaver""]",6a7846bb49f0b85ff4074992,"2026-08-09T09:22:03,327","2026-08-09T09:22:03,327",6a5b8bf7216d9ce22701983a,false
victoire,"[""grove-guardian"",""demon-slayer"",""rose-knight"",""prima-donna"",""tracker""]","[""lore-weaver"",""rose-knight"",""tracker"",""demon-slayer"",""witch-doll""]",6a7846bb49f0b85ff4074999,"2026-08-09T09:22:03,327","2026-08-09T09:22:03,327",6a5b8bf7216d9ce22701983a,false
defaite,"[""prima-donna"",""black-crow"",""demon-slayer"",""witch-doll"",""rose-knight""]","[""lore-weaver"",""demon-slayer"",""rose-knight"",""witch-doll"",""tracker""]",6a7846bb49f0b85ff40749a1,"2026-08-09T09:22:03,327","2026-08-09T09:22:03,327",6a5b8bf7216d9ce22701983a,false
victoire,"[""lore-weaver"",""black-crow"",""demon-slayer"",""witch-doll"",""rose-knight""]","[""lore-weaver"",""demon-slayer"",""rose-knight"",""witch-doll"",""tracker""]",6a7846bb49f0b85ff407499f,"2026-08-09T09:22:03,327","2026-08-09T09:22:03,327",6a5b8bf7216d9ce22701983a,false
victoire,"[""lore-weaver"",""prima-donna"",""berserker"",""witch-doll"",""sage-of-storms""]","[""boommeister"",""rose-knight"",""tracker"",""demon-slayer"",""don-guappo""]",6a7846bb49f0b85ff4074983,"2026-08-09T09:22:03,327","2026-08-09T09:22:03,327",6a5b8bf7216d9ce22701983a,false
victoire,"[""boommeister"",""rose-knight"",""demon-slayer"",""don-guappo"",""prima-donna""]","[""boommeister"",""rose-knight"",""demon-slayer"",""tracker"",""don-guappo""]",6a7846bb49f0b85ff407498b,"2026-08-09T09:22:03,327","2026-08-09T09:22:03,327",6a5b8bf7216d9ce22701983a,false
victoire,"[""boommeister"",""black-crow"",""rose-knight"",""tracker"",""soul-forger""]","[""boommeister"",""black-crow"",""rose-knight"",""tracker"",""death-knight""]",6a7846bb49f0b85ff407498d,"2026-08-09T09:22:03,327","2026-08-09T09:22:03,327",6a5b8bf7216d9ce22701983a,false
defaite,"[""don-guappo"",""demon-slayer"",""prima-donna"",""witch-doll"",""child-of-light""]","[""boommeister"",""rose-knight"",""tracker"",""holy-sword"",""lore-weaver""]",6a7846bb49f0b85ff4074991,"2026-08-09T09:22:03,327","2026-08-09T09:22:03,327",6a5b8bf7216d9ce22701983a,false
defaite,"[""prima-donna"",""berserker"",""lore-weaver"",""femme-fatale"",""boommeister""]","[""incinerator"",""rose-knight"",""don-guappo"",""demon-slayer"",""tracker""]",6a7846bb49f0b85ff4074994,"2026-08-09T09:22:03,327","2026-08-09T09:22:03,327",6a5b8bf7216d9ce22701983a,false
defaite,"[""lore-weaver"",""oath-keeper"",""snow-queen"",""incinerator"",""witch-doll""]","[""tracker"",""boommeister"",""don-guappo"",""rose-knight"",""black-crow""]",6a7846bb49f0b85ff407499b,"2026-08-09T09:22:03,327","2026-08-09T09:22:03,327",6a5b8bf7216d9ce22701983a,false
victoire,"[""boommeister"",""demon-slayer"",""rose-knight"",""snow-queen"",""tracker""]","[""lore-weaver"",""demon-slayer"",""rose-knight"",""witch-doll"",""tracker""]",6a78461fbed84e9f33316ed7,"2026-08-09T09:19:27,942","2026-08-09T09:19:27,942",6a5b8bf7216d9ce22701983a,false
defaite,"[""boommeister"",""rose-knight"",""cursed-hunter"",""lore-weaver"",""black-crow""]","[""demon-slayer"",""rose-knight"",""witch-doll"",""tracker"",""lore-weaver""]",6a78461fbed84e9f33316ee5,"2026-08-09T09:19:27,942","2026-08-09T09:19:27,942",6a5b8bf7216d9ce22701983a,false
victoire,"[""trickster"",""rose-knight"",""don-guappo"",""boommeister"",""black-crow""]","[""trickster"",""boommeister"",""rose-knight"",""tracker"",""black-crow""]",6a78461fbed84e9f33316ed9,"2026-08-09T09:19:27,942","2026-08-09T09:19:27,942",6a5b8bf7216d9ce22701983a,false
defaite,"[""black-crow"",""demon-slayer"",""lore-weaver"",""rose-knight"",""witch-doll""]","[""lore-weaver"",""demon-slayer"",""rose-knight"",""witch-doll"",""tracker""]",6a78461fbed84e9f33316eeb,"2026-08-09T09:19:27,942","2026-08-09T09:19:27,942",6a5b8bf7216d9ce22701983a,false
defaite,"[""boommeister"",""don-guappo"",""scarlet-bolt"",""prima-donna"",""berserker""]","[""lore-weaver"",""demon-slayer"",""rose-knight"",""witch-doll"",""tracker""]",6a78461fbed84e9f33316eec,"2026-08-09T09:19:27,942","2026-08-09T09:19:27,942",6a5b8bf7216d9ce22701983a,false
victoire,"[""boommeister"",""rose-knight"",""don-guappo"",""demon-slayer"",""lore-weaver""]","[""boommeister"",""rose-knight"",""don-guappo"",""demon-slayer"",""tracker""]",6a78461fbed84e9f33316edc,"2026-08-09T09:19:27,942","2026-08-09T09:19:27,942",6a5b8bf7216d9ce22701983a,false
defaite,"[""boommeister"",""don-guappo"",""rose-knight"",""incinerator"",""black-crow""]","[""prima-donna"",""demon-slayer"",""rose-knight"",""witch-doll"",""tracker""]",6a78461fbed84e9f33316ee2,"2026-08-09T09:19:27,942","2026-08-09T09:19:27,942",6a5b8bf7216d9ce22701983a,false
defaite,"[""demon-slayer"",""lore-weaver"",""rose-knight"",""sea-squire"",""snow-queen""]","[""lore-weaver"",""demon-slayer"",""rose-knight"",""witch-doll"",""tracker""]",6a78461fbed84e9f33316ee6,"2026-08-09T09:19:27,942","2026-08-09T09:19:27,942",6a5b8bf7216d9ce22701983a,false
victoire,"[""boommeister"",""demon-slayer"",""rose-knight"",""scarlet-bolt"",""lore-weaver""]","[""lore-weaver"",""demon-slayer"",""rose-knight"",""witch-doll"",""tracker""]",6a78461fbed84e9f33316edb,"2026-08-09T09:19:27,942","2026-08-09T09:19:27,942",6a5b8bf7216d9ce22701983a,false
victoire,"[""tracker"",""rose-knight"",""death-knight"",""boommeister"",""black-crow""]","[""boommeister"",""demon-slayer"",""rose-knight"",""shade"",""tracker""]",6a78461fbed84e9f33316ed6,"2026-08-09T09:19:27,942","2026-08-09T09:19:27,942",6a5b8bf7216d9ce22701983a,false
defaite,"[""demon-slayer"",""lore-weaver"",""rose-knight"",""shade"",""witch-doll""]","[""lore-weaver"",""demon-slayer"",""rose-knight"",""witch-doll"",""tracker""]",6a78461fbed84e9f33316ee8,"2026-08-09T09:19:27,942","2026-08-09T09:19:27,942",6a5b8bf7216d9ce22701983a,false
defaite,"[""demon-slayer"",""lore-weaver"",""rose-knight"",""sea-squire"",""witch-doll""]","[""lore-weaver"",""demon-slayer"",""rose-knight"",""witch-doll"",""tracker""]",6a78461fbed84e9f33316eed,"2026-08-09T09:19:27,942","2026-08-09T09:19:27,942",6a5b8bf7216d9ce22701983a,false
victoire,"[""boommeister"",""rose-knight"",""don-guappo"",""demon-slayer"",""lore-weaver""]","[""lore-weaver"",""demon-slayer"",""rose-knight"",""boommeister"",""tracker""]",6a78461fbed84e9f33316ede,"2026-08-09T09:19:27,942","2026-08-09T09:19:27,942",6a5b8bf7216d9ce22701983a,false
victoire,"[""berserker"",""lore-weaver"",""prima-donna"",""sage-of-storms"",""witch-doll""]","[""boommeister"",""rose-knight"",""don-guappo"",""demon-slayer"",""tracker""]",6a78461fbed84e9f33316eea,"2026-08-09T09:19:27,942","2026-08-09T09:19:27,942",6a5b8bf7216d9ce22701983a,false
victoire,"[""boommeister"",""demon-slayer"",""rose-knight"",""shade"",""tracker""]","[""lore-weaver"",""demon-slayer"",""rose-knight"",""witch-doll"",""tracker""]",6a78461fbed84e9f33316eda,"2026-08-09T09:19:27,942","2026-08-09T09:19:27,942",6a5b8bf7216d9ce22701983a,false
victoire,"[""cursed-hunter"",""rose-knight"",""don-guappo"",""demon-slayer"",""boommeister""]","[""petite-devil"",""demon-slayer"",""rose-knight"",""witch-doll"",""lore-weaver""]",6a78461fbed84e9f33316edd,"2026-08-09T09:19:27,942","2026-08-09T09:19:27,942",6a5b8bf7216d9ce22701983a,false
defaite,"[""demon-slayer"",""lore-weaver"",""rose-knight"",""sea-squire"",""witch-doll""]","[""demon-slayer"",""rose-knight"",""witch-doll"",""tracker"",""lore-weaver""]",6a78461fbed84e9f33316ee3,"2026-08-09T09:19:27,942","2026-08-09T09:19:27,942",6a5b8bf7216d9ce22701983a,false
victoire,"[""tracker"",""rose-knight"",""don-guappo"",""boommeister"",""black-crow""]","[""boommeister"",""rose-knight"",""don-guappo"",""demon-slayer"",""tracker""]",6a78461fbed84e9f33316ed8,"2026-08-09T09:19:27,942","2026-08-09T09:19:27,942",6a5b8bf7216d9ce22701983a,false
victoire,"[""boommeister"",""rose-knight"",""don-guappo"",""demon-slayer"",""prima-donna""]","[""boommeister"",""rose-knight"",""don-guappo"",""demon-slayer"",""tracker""]",6a78461fbed84e9f33316ee0,"2026-08-09T09:19:27,942","2026-08-09T09:19:27,942",6a5b8bf7216d9ce22701983a,false
defaite,"[""prima-donna"",""demon-slayer"",""rose-knight"",""don-guappo"",""black-crow""]","[""prima-donna"",""demon-slayer"",""rose-knight"",""witch-doll"",""tracker""]",6a78461fbed84e9f33316ee1,"2026-08-09T09:19:27,942","2026-08-09T09:19:27,942",6a5b8bf7216d9ce22701983a,false
defaite,"[""boommeister"",""rose-knight"",""cursed-hunter"",""incinerator"",""black-crow""]","[""demon-slayer"",""rose-knight"",""witch-doll"",""tracker"",""lore-weaver""]",6a78461fbed84e9f33316ee4,"2026-08-09T09:19:27,942","2026-08-09T09:19:27,942",6a5b8bf7216d9ce22701983a,false
victoire,"[""demon-slayer"",""lore-weaver"",""rose-knight"",""black-crow"",""witch-doll""]","[""lore-weaver"",""demon-slayer"",""rose-knight"",""witch-doll"",""tracker""]",6a78461fbed84e9f33316ee9,"2026-08-09T09:19:27,942","2026-08-09T09:19:27,942",6a5b8bf7216d9ce22701983a,false
defaite,"[""boommeister"",""demon-slayer"",""prima-donna"",""don-guappo"",""rose-knight""]","[""lore-weaver"",""demon-slayer"",""rose-knight"",""witch-doll"",""tracker""]",6a78461fbed84e9f33316eee,"2026-08-09T09:19:27,942","2026-08-09T09:19:27,942",6a5b8bf7216d9ce22701983a,false
victoire,"[""prima-donna"",""rose-knight"",""don-guappo"",""boommeister"",""tracker""]","[""tracker"",""rose-knight"",""don-guappo"",""boommeister"",""black-crow""]",6a78461fbed84e9f33316edf,"2026-08-09T09:19:27,942","2026-08-09T09:19:27,942",6a5b8bf7216d9ce22701983a,false
defaite,"[""boommeister"",""don-guappo"",""shade"",""demon-slayer"",""black-crow""]","[""lore-weaver"",""demon-slayer"",""rose-knight"",""witch-doll"",""tracker""]",6a78461fbed84e9f33316ee7,"2026-08-09T09:19:27,942","2026-08-09T09:19:27,942",6a5b8bf7216d9ce22701983a,false
victoire,"[""tracker"",""rose-knight"",""child-of-light"",""boommeister"",""black-crow""]","[""tracker"",""demon-slayer"",""rose-knight"",""boommeister"",""black-crow""]",6a78461fbed84e9f33316ed5,"2026-08-09T09:19:27,941","2026-08-09T09:19:27,941",6a5b8bf7216d9ce22701983a,false
victoire,"[""petite-devil"",""witch-doll"",""rose-knight"",""sea-squire"",""lore-weaver""]","[""petite-devil"",""demon-slayer"",""rose-knight"",""lore-weaver"",""tracker""]",6a78461fbed84e9f33316ed0,"2026-08-09T09:19:27,940","2026-08-09T09:19:27,940",6a5b8bf7216d9ce22701983a,false
victoire,"[""sea-squire"",""demon-slayer"",""rose-knight"",""witch-doll"",""lore-weaver""]","[""demon-slayer"",""rose-knight"",""lore-weaver"",""tracker"",""witch-doll""]",6a78461fbed84e9f33316ed2,"2026-08-09T09:19:27,940","2026-08-09T09:19:27,940",6a5b8bf7216d9ce22701983a,false
victoire,"[""boommeister"",""rose-knight"",""don-guappo"",""demon-slayer"",""tracker""]","[""demon-slayer"",""rose-knight"",""petite-devil"",""witch-doll"",""tracker""]",6a78461fbed84e9f33316ed3,"2026-08-09T09:19:27,940","2026-08-09T09:19:27,940",6a5b8bf7216d9ce22701983a,false
victoire,"[""lore-weaver"",""demon-slayer"",""rose-knight"",""snow-queen"",""black-crow""]","[""lore-weaver"",""demon-slayer"",""rose-knight"",""witch-doll"",""tracker""]",6a78461fbed84e9f33316ed4,"2026-08-09T09:19:27,940","2026-08-09T09:19:27,940",6a5b8bf7216d9ce22701983a,false
victoire,"[""sea-squire"",""demon-slayer"",""rose-knight"",""witch-doll"",""lore-weaver""]","[""demon-slayer"",""rose-knight"",""lore-weaver"",""tracker"",""witch-doll""]",6a78461fbed84e9f33316ed1,"2026-08-09T09:19:27,940","2026-08-09T09:19:27,940",6a5b8bf7216d9ce22701983a,false
victoire,"[""lore-weaver"",""prima-donna"",""berserker"",""witch-doll"",""sage-of-storms""]","[""boommeister"",""rose-knight"",""tracker"",""demon-slayer"",""don-guappo""]",6a78461fbed84e9f33316e92,"2026-08-09T09:19:27,939","2026-08-09T09:19:27,939",6a5b8bf7216d9ce22701983a,false
defaite,"[""lore-weaver"",""black-crow"",""demon-slayer"",""witch-doll"",""rose-knight""]","[""lore-weaver"",""demon-slayer"",""rose-knight"",""witch-doll"",""tracker""]",6a78461fbed84e9f33316ead,"2026-08-09T09:19:27,939","2026-08-09T09:19:27,939",6a5b8bf7216d9ce22701983a,false
defaite,"[""prima-donna"",""demon-slayer"",""rose-knight"",""scarlet-bolt"",""tracker""]","[""prima-donna"",""demon-slayer"",""rose-knight"",""witch-doll"",""tracker""]",6a78461fbed84e9f33316ebf,"2026-08-09T09:19:27,939","2026-08-09T09:19:27,939",6a5b8bf7216d9ce22701983a,false
victoire,"[""lore-weaver"",""prima-donna"",""berserker"",""witch-doll"",""sage-of-storms""]","[""boommeister"",""rose-knight"",""tracker"",""demon-slayer"",""don-guappo""]",6a78461fbed84e9f33316e93,"2026-08-09T09:19:27,939","2026-08-09T09:19:27,939",6a5b8bf7216d9ce22701983a,false
victoire,"[""lore-weaver"",""black-crow"",""demon-slayer"",""witch-doll"",""rose-knight""]","[""lore-weaver"",""demon-slayer"",""rose-knight"",""witch-doll"",""tracker""]",6a78461fbed84e9f33316eac,"2026-08-09T09:19:27,939","2026-08-09T09:19:27,939",6a5b8bf7216d9ce22701983a,false
defaite,"[""lore-weaver"",""tracker"",""rose-knight"",""incinerator"",""demon-slayer""]","[""lore-weaver"",""demon-slayer"",""rose-knight"",""witch-doll"",""tracker""]",6a78461fbed84e9f33316eb2,"2026-08-09T09:19:27,939","2026-08-09T09:19:27,939",6a5b8bf7216d9ce22701983a,false
defaite,"[""lore-weaver"",""tracker"",""rose-knight"",""magmaroid"",""demon-slayer""]","[""lore-weaver"",""demon-slayer"",""rose-knight"",""witch-doll"",""tracker""]",6a78461fbed84e9f33316eb4,"2026-08-09T09:19:27,939","2026-08-09T09:19:27,939",6a5b8bf7216d9ce22701983a,false
defaite,"[""lore-weaver"",""demon-slayer"",""rose-knight"",""black-crow"",""tracker""]","[""lore-weaver"",""demon-slayer"",""rose-knight"",""witch-doll"",""tracker""]",6a78461fbed84e9f33316eb6,"2026-08-09T09:19:27,939","2026-08-09T09:19:27,939",6a5b8bf7216d9ce22701983a,false
defaite,"[""lore-weaver"",""demon-slayer"",""rose-knight"",""incinerator"",""witch-doll""]","[""lore-weaver"",""demon-slayer"",""rose-knight"",""witch-doll"",""tracker""]",6a78461fbed84e9f33316ec0,"2026-08-09T09:19:27,939","2026-08-09T09:19:27,939",6a5b8bf7216d9ce22701983a,false
victoire,"[""petite-devil"",""rose-knight"",""don-guappo"",""witch-doll"",""lore-weaver""]","[""lore-weaver"",""demon-slayer"",""rose-knight"",""witch-doll"",""tracker""]",6a78461fbed84e9f33316ecd,"2026-08-09T09:19:27,939","2026-08-09T09:19:27,939",6a5b8bf7216d9ce22701983a,false
victoire,"[""lore-weaver"",""prima-donna"",""berserker"",""witch-doll"",""sage-of-storms""]","[""boommeister"",""rose-knight"",""tracker"",""demon-slayer"",""don-guappo""]",6a78461fbed84e9f33316e90,"2026-08-09T09:19:27,939","2026-08-09T09:19:27,939",6a5b8bf7216d9ce22701983a,false
victoire,"[""lore-weaver"",""prima-donna"",""berserker"",""witch-doll"",""sage-of-storms""]","[""boommeister"",""rose-knight"",""tracker"",""demon-slayer"",""don-guappo""]",6a78461fbed84e9f33316e91,"2026-08-09T09:19:27,939","2026-08-09T09:19:27,939",6a5b8bf7216d9ce22701983a,false
victoire,"[""snow-queen"",""black-crow"",""rose-knight"",""tracker"",""lore-weaver""]","[""tracker"",""rose-knight"",""black-crow"",""boommeister"",""holy-sword""]",6a78461fbed84e9f33316ea0,"2026-08-09T09:19:27,939","2026-08-09T09:19:27,939",6a5b8bf7216d9ce22701983a,false
defaite,"[""storm-fox"",""sea-squire"",""dark_magister"",""incinerator"",""sage-of-storms""]","[""boommeister"",""don-guappo"",""big-guy"",""rose-knight"",""tracker""]",6a78461fbed84e9f33316eb9,"2026-08-09T09:19:27,939","2026-08-09T09:19:27,939",6a5b8bf7216d9ce22701983a,false
victoire,"[""lore-weaver"",""rose-knight"",""don-guappo"",""boommeister"",""black-crow""]","[""tracker"",""rose-knight"",""don-guappo"",""boommeister"",""black-crow""]",6a78461fbed84e9f33316ec4,"2026-08-09T09:19:27,939","2026-08-09T09:19:27,939",6a5b8bf7216d9ce22701983a,false
victoire,"[""boommeister"",""rose-knight"",""demon-slayer"",""don-guappo"",""prima-donna""]","[""boommeister"",""rose-knight"",""demon-slayer"",""tracker"",""don-guappo""]",6a78461fbed84e9f33316e98,"2026-08-09T09:19:27,939","2026-08-09T09:19:27,939",6a5b8bf7216d9ce22701983a,false
defaite,"[""prima-donna"",""tracker"",""rose-knight"",""incinerator"",""demon-slayer""]","[""lore-weaver"",""demon-slayer"",""rose-knight"",""witch-doll"",""tracker""]",6a78461fbed84e9f33316eb3,"2026-08-09T09:19:27,939","2026-08-09T09:19:27,939",6a5b8bf7216d9ce22701983a,false
victoire,"[""snow-queen"",""demon-slayer"",""rose-knight"",""witch-doll"",""lore-weaver""]","[""lore-weaver"",""demon-slayer"",""rose-knight"",""snow-queen"",""tracker""]",6a78461fbed84e9f33316ec2,"2026-08-09T09:19:27,939","2026-08-09T09:19:27,939",6a5b8bf7216d9ce22701983a,false
victoire,"[""lore-weaver"",""rose-knight"",""don-guappo"",""petite-devil"",""black-crow""]","[""tracker"",""rose-knight"",""don-guappo"",""grove-guardian"",""black-crow""]",6a78461fbed84e9f33316ec3,"2026-08-09T09:19:27,939","2026-08-09T09:19:27,939",6a5b8bf7216d9ce22701983a,false
defaite,"[""don-guappo"",""soul-forger"",""prima-donna"",""death-knight"",""sage-of-storms""]","[""boommeister"",""rose-knight"",""tracker"",""holy-sword"",""lore-weaver""]",6a78461fbed84e9f33316e9f,"2026-08-09T09:19:27,939","2026-08-09T09:19:27,939",6a5b8bf7216d9ce22701983a,false
defaite,"[""lore-weaver"",""boommeister"",""rose-knight"",""incinerator"",""demon-slayer""]","[""lore-weaver"",""demon-slayer"",""rose-knight"",""witch-doll"",""tracker""]",6a78461fbed84e9f33316eb1,"2026-08-09T09:19:27,939","2026-08-09T09:19:27,939",6a5b8bf7216d9ce22701983a,false
victoire,"[""boommeister"",""rose-knight"",""don-guappo"",""scarlet-bolt"",""tracker""]","[""petite-devil"",""don-guappo"",""berserker"",""rose-knight"",""lore-weaver""]",6a78461fbed84e9f33316ec7,"2026-08-09T09:19:27,939","2026-08-09T09:19:27,939",6a5b8bf7216d9ce22701983a,false
defaite,"[""lore-weaver"",""berserker"",""prima-donna"",""witch-doll"",""sage-of-storms""]","[""boommeister"",""black-crow"",""rose-knight"",""death-knight"",""tracker""]",6a78461fbed84e9f33316e94,"2026-08-09T09:19:27,939","2026-08-09T09:19:27,939",6a5b8bf7216d9ce22701983a,false
defaite,"[""magmaroid"",""witch-doll"",""prima-donna"",""grim-wolf"",""big-guy""]","[""incinerator"",""rose-knight"",""don-guappo"",""demon-slayer"",""tracker""]",6a78461fbed84e9f33316ea2,"2026-08-09T09:19:27,939","2026-08-09T09:19:27,939",6a5b8bf7216d9ce22701983a,false
victoire,"[""boommeister"",""rose-knight"",""don-guappo"",""storm-fox"",""black-crow""]","[""tracker"",""rose-knight"",""don-guappo"",""boommeister"",""black-crow""]",6a78461fbed84e9f33316eaa,"2026-08-09T09:19:27,939","2026-08-09T09:19:27,939",6a5b8bf7216d9ce22701983a,false
victoire,"[""lore-weaver"",""demon-slayer"",""rose-knight"",""witch-doll"",""tracker""]","[""lore-weaver"",""demon-slayer"",""rose-knight"",""tracker"",""snow-queen""]",6a78461fbed84e9f33316ece,"2026-08-09T09:19:27,939","2026-08-09T09:19:27,939",6a5b8bf7216d9ce22701983a,false
defaite,"[""witch-doll"",""berserker"",""prima-donna"",""don-guappo"",""lore-weaver""]","[""death-knight"",""rose-knight"",""boommeister"",""black-crow"",""tracker""]",6a78461fbed84e9f33316e96,"2026-08-09T09:19:27,939","2026-08-09T09:19:27,939",6a5b8bf7216d9ce22701983a,false
defaite,"[""lore-weaver"",""soul-forger"",""prima-donna"",""incinerator"",""sage-of-storms""]","[""tracker"",""boommeister"",""don-guappo"",""rose-knight"",""black-crow""]",6a78461fbed84e9f33316ea7,"2026-08-09T09:19:27,939","2026-08-09T09:19:27,939",6a5b8bf7216d9ce22701983a,false
victoire,"[""lore-weaver"",""demon-slayer"",""rose-knight"",""witch-doll"",""black-crow""]","[""lore-weaver"",""demon-slayer"",""rose-knight"",""witch-doll"",""tracker""]",6a78461fbed84e9f33316eab,"2026-08-09T09:19:27,939","2026-08-09T09:19:27,939",6a5b8bf7216d9ce22701983a,false
defaite,"[""sea-squire"",""bombin-goblin"",""sage-of-storms"",""twilight-priestess"",""oath-keeper""]","[""boommeister"",""don-guappo"",""demon-slayer"",""rose-knight"",""lore-weaver""]",6a78461fbed84e9f33316e8b,"2026-08-09T09:19:27,939","2026-08-09T09:19:27,939",6a5b8bf7216d9ce22701983a,false
defaite,"[""lore-weaver"",""soul-forger"",""snow-queen"",""incinerator"",""storm-fox""]","[""boommeister"",""black-crow"",""tracker"",""rose-knight"",""death-knight""]",6a78461fbed84e9f33316ea5,"2026-08-09T09:19:27,939","2026-08-09T09:19:27,939",6a5b8bf7216d9ce22701983a,false
victoire,"[""grove-guardian"",""demon-slayer"",""rose-knight"",""prima-donna"",""tracker""]","[""lore-weaver"",""rose-knight"",""tracker"",""demon-slayer"",""witch-doll""]",6a78461fbed84e9f33316ea6,"2026-08-09T09:19:27,939","2026-08-09T09:19:27,939",6a5b8bf7216d9ce22701983a,false
defaite,"[""prima-donna"",""demon-slayer"",""rose-knight"",""night-raven"",""tracker""]","[""songstress-of-the-sea"",""witch-doll"",""rose-knight"",""snail-princess"",""lore-weaver""]",6a78461fbed84e9f33316ea9,"2026-08-09T09:19:27,939","2026-08-09T09:19:27,939",6a5b8bf7216d9ce22701983a,false
defaite,"[""lore-weaver"",""demon-slayer"",""rose-knight"",""incinerator"",""black-crow""]","[""lore-weaver"",""demon-slayer"",""rose-knight"",""witch-doll"",""tracker""]",6a78461fbed84e9f33316ebb,"2026-08-09T09:19:27,939","2026-08-09T09:19:27,939",6a5b8bf7216d9ce22701983a,false
victoire,"[""black-crow"",""tracker"",""demon-slayer"",""shade"",""rose-knight""]","[""lore-weaver"",""demon-slayer"",""rose-knight"",""witch-doll"",""tracker""]",6a78461fbed84e9f33316ebd,"2026-08-09T09:19:27,939","2026-08-09T09:19:27,939",6a5b8bf7216d9ce22701983a,false
defaite,"[""sea-squire"",""chronicler"",""storm-fox"",""shade"",""soul-forger""]","[""boommeister"",""don-guappo"",""demon-slayer"",""rose-knight"",""lore-weaver""]",6a78461fbed84e9f33316e8d,"2026-08-09T09:19:27,939","2026-08-09T09:19:27,939",6a5b8bf7216d9ce22701983a,false
victoire,"[""boommeister"",""rose-knight"",""don-guappo"",""demon-slayer"",""prima-donna""]","[""boommeister"",""demon-slayer"",""rose-knight"",""tracker"",""don-guappo""]",6a78461fbed84e9f33316e8e,"2026-08-09T09:19:27,939","2026-08-09T09:19:27,939",6a5b8bf7216d9ce22701983a,false
defaite,"[""witch-doll"",""twilight-priestess"",""prima-donna"",""sage-of-storms"",""necroduke""]","[""death-knight"",""rose-knight"",""boommeister"",""black-crow"",""tracker""]",6a78461fbed84e9f33316e97,"2026-08-09T09:19:27,939","2026-08-09T09:19:27,939",6a5b8bf7216d9ce22701983a,false
defaite,"[""prima-donna"",""black-crow"",""demon-slayer"",""witch-doll"",""rose-knight""]","[""lore-weaver"",""demon-slayer"",""rose-knight"",""witch-doll"",""tracker""]",6a78461fbed84e9f33316eae,"2026-08-09T09:19:27,939","2026-08-09T09:19:27,939",6a5b8bf7216d9ce22701983a,false
defaite,"[""cursed-hunter"",""don-guappo"",""rose-knight"",""incinerator"",""shade""]","[""prima-donna"",""demon-slayer"",""rose-knight"",""witch-doll"",""tracker""]",6a78461fbed84e9f33316ebe,"2026-08-09T09:19:27,939","2026-08-09T09:19:27,939",6a5b8bf7216d9ce22701983a,false
victoire,"[""petite-devil"",""rose-knight"",""don-guappo"",""witch-doll"",""lore-weaver""]","[""petite-devil"",""demon-slayer"",""rose-knight"",""witch-doll"",""lore-weaver""]",6a78461fbed84e9f33316ecf,"2026-08-09T09:19:27,939","2026-08-09T09:19:27,939",6a5b8bf7216d9ce22701983a,false
defaite,"[""rose-knight"",""berserker"",""lore-weaver"",""sage-of-storms"",""prima-donna""]","[""boommeister"",""black-crow"",""rose-knight"",""death-knight"",""tracker""]",6a78461fbed84e9f33316e95,"2026-08-09T09:19:27,939","2026-08-09T09:19:27,939",6a5b8bf7216d9ce22701983a,false
defaite,"[""boommeister"",""rose-knight"",""shade"",""berserker"",""prima-donna""]","[""demon-slayer"",""rose-knight"",""shade"",""cursed-hunter"",""don-guappo""]",6a78461fbed84e9f33316e9c,"2026-08-09T09:19:27,939","2026-08-09T09:19:27,939",6a5b8bf7216d9ce22701983a,false
victoire,"[""lore-weaver"",""soul-forger"",""snow-queen"",""incinerator"",""storm-fox""]","[""boommeister"",""black-crow"",""tracker"",""rose-knight"",""death-knight""]",6a78461fbed84e9f33316ea4,"2026-08-09T09:19:27,939","2026-08-09T09:19:27,939",6a5b8bf7216d9ce22701983a,false
victoire,"[""trickster"",""rose-knight"",""death-knight"",""boommeister"",""black-crow""]","[""snow-queen"",""demon-slayer"",""rose-knight"",""witch-doll"",""lore-weaver""]",6a78461fbed84e9f33316ecb,"2026-08-09T09:19:27,939","2026-08-09T09:19:27,939",6a5b8bf7216d9ce22701983a,false
victoire,"[""boommeister"",""rose-knight"",""don-guappo"",""tracker"",""prima-donna""]","[""rose-knight"",""black-crow"",""boommeister"",""tracker"",""don-guappo""]",6a78461fbed84e9f33316e8f,"2026-08-09T09:19:27,939","2026-08-09T09:19:27,939",6a5b8bf7216d9ce22701983a,false
victoire,"[""boommeister"",""rose-knight"",""death-knight"",""snow-queen"",""tracker""]","[""boommeister"",""rose-knight"",""death-knight"",""incinerator"",""tracker""]",6a78461fbed84e9f33316ec5,"2026-08-09T09:19:27,939","2026-08-09T09:19:27,939",6a5b8bf7216d9ce22701983a,false
victoire,"[""tracker"",""rose-knight"",""death-knight"",""boommeister"",""black-crow""]","[""boommeister"",""rose-knight"",""don-guappo"",""demon-slayer"",""tracker""]",6a78461fbed84e9f33316ec8,"2026-08-09T09:19:27,939","2026-08-09T09:19:27,939",6a5b8bf7216d9ce22701983a,false
defaite,"[""sea-squire"",""snow-queen"",""necroduke"",""twilight-priestess"",""scarlet-bolt""]","[""boommeister"",""don-guappo"",""demon-slayer"",""rose-knight"",""lore-weaver""]",6a78461fbed84e9f33316e8c,"2026-08-09T09:19:27,939","2026-08-09T09:19:27,939",6a5b8bf7216d9ce22701983a,false
victoire,"[""boommeister"",""rose-knight"",""tracker"",""don-guappo"",""prima-donna""]","[""boommeister"",""black-crow"",""rose-knight"",""tracker"",""don-guappo""]",6a78461fbed84e9f33316e99,"2026-08-09T09:19:27,939","2026-08-09T09:19:27,939",6a5b8bf7216d9ce22701983a,false
defaite,"[""prima-donna"",""berserker"",""lore-weaver"",""femme-fatale"",""boommeister""]","[""incinerator"",""rose-knight"",""don-guappo"",""demon-slayer"",""tracker""]",6a78461fbed84e9f33316ea1,"2026-08-09T09:19:27,939","2026-08-09T09:19:27,939",6a5b8bf7216d9ce22701983a,false
defaite,"[""don-guappo"",""demon-slayer"",""prima-donna"",""witch-doll"",""child-of-light""]","[""boommeister"",""rose-knight"",""tracker"",""holy-sword"",""lore-weaver""]",6a78461fbed84e9f33316e9e,"2026-08-09T09:19:27,939","2026-08-09T09:19:27,939",6a5b8bf7216d9ce22701983a,false
defaite,"[""lore-weaver"",""oath-keeper"",""snow-queen"",""incinerator"",""witch-doll""]","[""tracker"",""boommeister"",""don-guappo"",""rose-knight"",""black-crow""]",6a78461fbed84e9f33316ea8,"2026-08-09T09:19:27,939","2026-08-09T09:19:27,939",6a5b8bf7216d9ce22701983a,false
victoire,"[""tracker"",""snow-queen"",""rose-knight"",""prima-donna"",""black-crow""]","[""lore-weaver"",""demon-slayer"",""rose-knight"",""witch-doll"",""tracker""]",6a78461fbed84e9f33316ec1,"2026-08-09T09:19:27,939","2026-08-09T09:19:27,939",6a5b8bf7216d9ce22701983a,false
victoire,"[""lore-weaver"",""rose-knight"",""don-guappo"",""petite-devil"",""tracker""]","[""lore-weaver"",""rose-knight"",""don-guappo"",""demon-slayer"",""black-crow""]",6a78461fbed84e9f33316ec9,"2026-08-09T09:19:27,939","2026-08-09T09:19:27,939",6a5b8bf7216d9ce22701983a,false
victoire,"[""tracker"",""snow-queen"",""rose-knight"",""lore-weaver"",""black-crow""]","[""tracker"",""holy-sword"",""rose-knight"",""boommeister"",""black-crow""]",6a78461fbed84e9f33316ecc,"2026-08-09T09:19:27,939","2026-08-09T09:19:27,939",6a5b8bf7216d9ce22701983a,false
defaite,"[""prima-donna"",""berserker"",""lore-weaver"",""boommeister"",""grove-guardian""]","[""demon-slayer"",""rose-knight"",""shade"",""don-guappo"",""cursed-hunter""]",6a78461fbed84e9f33316e9b,"2026-08-09T09:19:27,939","2026-08-09T09:19:27,939",6a5b8bf7216d9ce22701983a,false
defaite,"[""boommeister"",""demon-slayer"",""rose-knight"",""don-guappo"",""petite-devil""]","[""boommeister"",""rose-knight"",""don-guappo"",""demon-slayer"",""tracker""]",6a78461fbed84e9f33316ea3,"2026-08-09T09:19:27,939","2026-08-09T09:19:27,939",6a5b8bf7216d9ce22701983a,false
victoire,"[""black-crow"",""tracker"",""demon-slayer"",""cursed-hunter"",""rose-knight""]","[""lore-weaver"",""demon-slayer"",""rose-knight"",""witch-doll"",""tracker""]",6a78461fbed84e9f33316ebc,"2026-08-09T09:19:27,939","2026-08-09T09:19:27,939",6a5b8bf7216d9ce22701983a,false
victoire,"[""boommeister"",""black-crow"",""rose-knight"",""tracker"",""soul-forger""]","[""boommeister"",""black-crow"",""rose-knight"",""tracker"",""death-knight""]",6a78461fbed84e9f33316e9a,"2026-08-09T09:19:27,939","2026-08-09T09:19:27,939",6a5b8bf7216d9ce22701983a,false
defaite,"[""rose-knight"",""berserker"",""demon-slayer"",""cursed-hunter"",""don-guappo""]","[""rose-knight"",""shade"",""demon-slayer"",""cursed-hunter"",""don-guappo""]",6a78461fbed84e9f33316e9d,"2026-08-09T09:19:27,939","2026-08-09T09:19:27,939",6a5b8bf7216d9ce22701983a,false
defaite,"[""prima-donna"",""black-crow"",""barbarian"",""rose-knight"",""witch-doll""]","[""lore-weaver"",""demon-slayer"",""rose-knight"",""witch-doll"",""tracker""]",6a78461fbed84e9f33316eb0,"2026-08-09T09:19:27,939","2026-08-09T09:19:27,939",6a5b8bf7216d9ce22701983a,false
defaite,"[""prima-donna"",""tracker"",""rose-knight"",""magmaroid"",""demon-slayer""]","[""lore-weaver"",""demon-slayer"",""rose-knight"",""witch-doll"",""tracker""]",6a78461fbed84e9f33316eb5,"2026-08-09T09:19:27,939","2026-08-09T09:19:27,939",6a5b8bf7216d9ce22701983a,false
defaite,"[""lore-weaver"",""demon-slayer"",""magmaroid"",""black-crow"",""tracker""]","[""lore-weaver"",""demon-slayer"",""rose-knight"",""witch-doll"",""tracker""]",6a78461fbed84e9f33316eb7,"2026-08-09T09:19:27,939","2026-08-09T09:19:27,939",6a5b8bf7216d9ce22701983a,false
victoire,"[""rose-knight"",""demon-slayer"",""magmaroid"",""black-crow"",""tracker""]","[""lore-weaver"",""demon-slayer"",""rose-knight"",""witch-doll"",""tracker""]",6a78461fbed84e9f33316eb8,"2026-08-09T09:19:27,939","2026-08-09T09:19:27,939",6a5b8bf7216d9ce22701983a,false
victoire,"[""rose-knight"",""sea-squire"",""dark_magister"",""incinerator"",""sage-of-storms""]","[""boommeister"",""don-guappo"",""big-guy"",""rose-knight"",""tracker""]",6a78461fbed84e9f33316eba,"2026-08-09T09:19:27,939","2026-08-09T09:19:27,939",6a5b8bf7216d9ce22701983a,false
defaite,"[""lore-weaver"",""black-crow"",""barbarian"",""rose-knight"",""witch-doll""]","[""lore-weaver"",""demon-slayer"",""rose-knight"",""witch-doll"",""tracker""]",6a78461fbed84e9f33316eaf,"2026-08-09T09:19:27,939","2026-08-09T09:19:27,939",6a5b8bf7216d9ce22701983a,false
victoire,"[""tracker"",""snow-queen"",""rose-knight"",""lore-weaver"",""black-crow""]","[""tracker"",""demon-slayer"",""rose-knight"",""lore-weaver"",""black-crow""]",6a78461fbed84e9f33316ec6,"2026-08-09T09:19:27,939","2026-08-09T09:19:27,939",6a5b8bf7216d9ce22701983a,false
victoire,"[""tracker"",""snow-queen"",""rose-knight"",""lore-weaver"",""black-crow""]","[""lore-weaver"",""demon-slayer"",""rose-knight"",""witch-doll"",""tracker""]",6a78461fbed84e9f33316eca,"2026-08-09T09:19:27,939","2026-08-09T09:19:27,939",6a5b8bf7216d9ce22701983a,false
defaite,"[""sea-squire"",""bombin-goblin"",""sage-of-storms"",""twilight-priestess"",""oath-keeper""]","[""boommeister"",""don-guappo"",""demon-slayer"",""rose-knight"",""lore-weaver""]",6a784462516977e0105d1e13,"2026-08-09T09:12:02,678","2026-08-09T09:12:02,678",6a5b8bf7216d9ce22701983a,false
defaite,"[""oath-keeper"",""incinerator"",""elementalist"",""oracle"",""sand-sage""]","[""big-guy"",""dark_magister"",""rose-knight"",""scarlet-bolt"",""prima-donna""]",6a78373631e6e8b23d21148e,"2026-08-09T08:15:50,115","2026-08-09T08:15:50,115",6a5b8bf7216d9ce22701983a,false
defaite,"[""lore-weaver"",""rose-knight"",""don-guappo"",""demon-slayer"",""black-crow""]","[""petite-devil"",""rose-knight"",""don-guappo"",""demon-slayer"",""lore-weaver""]",6a77631a5a3b97fa21d4123f,"2026-08-08T17:10:50,193","2026-08-08T17:10:50,193",6a5b8bf7216d9ce22701983a,false
defaite,"[""scarlet-bolt"",""rose-knight"",""don-guappo"",""demon-slayer"",""lore-weaver""]","[""petite-devil"",""rose-knight"",""don-guappo"",""demon-slayer"",""lore-weaver""]",6a776289bdf886d0da2c61b7,"2026-08-08T17:08:25,222","2026-08-08T17:08:25,222",6a5b8bf7216d9ce22701983a,false
defaite,"[""lore-weaver"",""rose-knight"",""don-guappo"",""demon-slayer"",""dark_magister""]","[""petite-devil"",""rose-knight"",""don-guappo"",""demon-slayer"",""lore-weaver""]",6a77620dbc9042d29c0cae1a,"2026-08-08T17:06:21,189","2026-08-08T17:06:21,189",6a5b8bf7216d9ce22701983a,false
defaite,"[""boommeister"",""rose-knight"",""death-knight"",""demon-slayer"",""black-crow""]","[""trickster"",""rose-knight"",""death-knight"",""demon-slayer"",""black-crow""]",6a773c381e7d701f75cbf724,"2026-08-08T14:24:56,613","2026-08-08T14:24:56,613",6a5b8bf7216d9ce22701983a,false
defaite,"[""boommeister"",""rose-knight"",""death-knight"",""witch-doll"",""dark_magister""]","[""trickster"",""rose-knight"",""death-knight"",""demon-slayer"",""black-crow""]",6a773bc0b2a526dfb7c3860f,"2026-08-08T14:22:56,195","2026-08-08T14:22:56,195",6a5b8bf7216d9ce22701983a,false
defaite,"[""lore-weaver"",""rose-knight"",""death-knight"",""boommeister"",""dark_magister""]","[""trickster"",""rose-knight"",""death-knight"",""demon-slayer"",""black-crow""]",6a773b6acae794723e0b7eaa,"2026-08-08T14:21:30,997","2026-08-08T14:21:30,997",6a5b8bf7216d9ce22701983a,false
victoire,"[""lore-weaver"",""demon-slayer"",""rose-knight"",""scarlet-bolt"",""black-crow""]","[""lore-weaver"",""demon-slayer"",""rose-knight"",""witch-doll"",""tracker""]",6a7739d0271ccfe747ec3a38,"2026-08-08T14:14:40,736","2026-08-08T14:14:40,736",6a5b8bf7216d9ce22701983a,false
defaite,"[""lore-weaver"",""demon-slayer"",""rose-knight"",""scarlet-bolt"",""black-crow""]","[""lore-weaver"",""demon-slayer"",""rose-knight"",""witch-doll"",""tracker""]",6a7739cd6ece7b65abdb2c61,"2026-08-08T14:14:37,464","2026-08-08T14:14:37,464",6a5b8bf7216d9ce22701983a,false
victoire,"[""lore-weaver"",""demon-slayer"",""rose-knight"",""scarlet-bolt"",""black-crow""]","[""lore-weaver"",""demon-slayer"",""rose-knight"",""witch-doll"",""tracker""]",6a773964ce98350a4d3f629e,"2026-08-08T14:12:52,889","2026-08-08T14:12:52,889",6a5b8bf7216d9ce22701983a,false
victoire,"[""rose-knight"",""demon-slayer"",""scarlet-bolt"",""lore-weaver"",""black-crow""]","[""tracker"",""rose-knight"",""demon-slayer"",""lore-weaver"",""witch-doll""]",6a7738b5debe9e9b740991d5,"2026-08-08T14:09:57,148","2026-08-08T14:09:57,148",6a5b8bf7216d9ce22701983a,false
victoire,"[""tracker"",""rose-knight"",""death-knight"",""demon-slayer"",""black-crow""]","[""tracker"",""rose-knight"",""death-knight"",""boommeister"",""black-crow""]",6a7737468ef48c8150820f09,"2026-08-08T14:03:50,056","2026-08-08T14:03:50,056",6a5b8bf7216d9ce22701983a,false
victoire,"[""scarlet-bolt"",""demon-slayer"",""rose-knight"",""shade"",""black-crow""]","[""petite-devil"",""demon-slayer"",""rose-knight"",""witch-doll"",""lore-weaver""]",6a74b2223cf59386a8981ff5,"2026-08-06T16:11:14,037","2026-08-06T16:11:14,037",6a5b8bf7216d9ce22701983a,false
defaite,"[""oath-keeper"",""incinerator"",""tracker"",""scarlet-bolt"",""ethereal-guide""]","[""petite-devil"",""demon-slayer"",""rose-knight"",""witch-doll"",""lore-weaver""]",6a74aa8a9624921aac44b891,"2026-08-06T15:38:50,120","2026-08-06T15:38:50,120",6a5b8bf7216d9ce22701983a,false
defaite,"[""oath-keeper"",""incinerator"",""elementalist"",""rose-knight"",""lore-weaver""]","[""tracker"",""rose-knight"",""death-knight"",""demon-slayer"",""black-crow""]",6a71fe4cc4d9bda2665e82ad,"2026-08-04T14:59:24,421","2026-08-04T14:59:24,421",6a5b8bf7216d9ce22701983a,false
victoire,"[""lore-weaver"",""demon-slayer"",""rose-knight"",""scarlet-bolt"",""black-crow""]","[""lore-weaver"",""demon-slayer"",""rose-knight"",""witch-doll"",""tracker""]",6a7196e59f6b7fcdf9b16e17,"2026-08-04T07:38:13,031","2026-08-04T07:38:13,031",6a5b8bf7216d9ce22701983a,false
victoire,"[""lore-weaver"",""demon-slayer"",""rose-knight"",""scarlet-bolt"",""black-crow""]","[""lore-weaver"",""demon-slayer"",""rose-knight"",""witch-doll"",""tracker""]",6a7196e130ede66e4bab433f,"2026-08-04T07:38:09,329","2026-08-04T07:38:09,329",6a5b8bf7216d9ce22701983a,false
victoire,"[""lore-weaver"",""demon-slayer"",""rose-knight"",""scarlet-bolt"",""black-crow""]","[""lore-weaver"",""demon-slayer"",""rose-knight"",""witch-doll"",""tracker""]",6a7196d2793fbdacbe2a5316,"2026-08-04T07:37:54,070","2026-08-04T07:37:54,070",6a5b8bf7216d9ce22701983a,false
victoire,"[""lore-weaver"",""demon-slayer"",""rose-knight"",""scarlet-bolt"",""black-crow""]","[""lore-weaver"",""demon-slayer"",""rose-knight"",""witch-doll"",""tracker""]",6a7196cc36fd9ba60120fb96,"2026-08-04T07:37:48,322","2026-08-04T07:37:48,322",6a5b8bf7216d9ce22701983a,false
defaite,"[""boommeister"",""child-of-light"",""don-guappo"",""rose-knight"",""lore-weaver""]","[""trickster"",""rose-knight"",""child-of-light"",""tracker"",""black-crow""]",6a6f3340f5d86dec7eba65a9,"2026-08-02T12:08:32,798","2026-08-02T12:08:32,798",6a5b8bf7216d9ce22701983a,false
victoire,"[""lore-weaver"",""demon-slayer"",""rose-knight"",""witch-doll"",""black-crow""]","[""lore-weaver"",""demon-slayer"",""rose-knight"",""witch-doll"",""tracker""]",6a6f2c5a1148d4cb79c62b8d,"2026-08-02T11:39:06,428","2026-08-02T11:39:06,428",6a5b8bf7216d9ce22701983a,false
defaite,"[""lore-weaver"",""rose-knight"",""vengeful-centaur"",""demon-slayer"",""black-crow""]","[""lore-weaver"",""demon-slayer"",""rose-knight"",""witch-doll"",""tracker""]",6a6f2b822ae944a427ca1a07,"2026-08-02T11:35:30,165","2026-08-02T11:35:30,165",6a5b8bf7216d9ce22701983a,false
defaite,"[""lore-weaver"",""rose-knight"",""shapeshifter-cav"",""demon-slayer"",""black-crow""]","[""lore-weaver"",""demon-slayer"",""rose-knight"",""witch-doll"",""tracker""]",6a6f2b3710a8149fea19b327,"2026-08-02T11:34:15,492","2026-08-02T11:34:15,492",6a5b8bf7216d9ce22701983a,false
defaite,"[""lore-weaver"",""rose-knight"",""barbarian"",""demon-slayer"",""black-crow""]","[""lore-weaver"",""demon-slayer"",""rose-knight"",""witch-doll"",""tracker""]",6a6f2aba8f369b2635f37b40,"2026-08-02T11:32:10,434","2026-08-02T11:32:10,434",6a5b8bf7216d9ce22701983a,false
defaite,"[""magmaroid"",""prima-donna"",""tracker"",""boommeister"",""rose-knight""]","[""lore-weaver"",""rose-knight"",""child-of-light"",""sea-squire"",""mastercook""]",6a6f15377d63c3964fb4be5e,"2026-08-02T10:00:23,086","2026-08-02T10:00:23,086",6a5b8bf7216d9ce22701983a,false
defaite,"[""chronicler"",""demon-slayer"",""rose-knight"",""scarlet-bolt"",""tracker""]","[""tracker"",""demon-slayer"",""rose-knight"",""scarlet-bolt"",""black-crow""]",6a6f1431c45cfb4a30fe78ce,"2026-08-02T09:56:01,740","2026-08-02T09:56:01,740",6a5b8bf7216d9ce22701983a,false
defaite,"[""tracker"",""boommeister"",""rose-knight"",""prima-donna"",""trickster""]","[""tracker"",""demon-slayer"",""rose-knight"",""scarlet-bolt"",""black-crow""]",6a6f138e4e99cbd4848a9d46,"2026-08-02T09:53:18,910","2026-08-02T09:53:18,910",6a5b8bf7216d9ce22701983a,false
defaite,"[""tracker"",""demon-slayer"",""rose-knight"",""cursed-hunter"",""black-crow""]","[""tracker"",""demon-slayer"",""rose-knight"",""scarlet-bolt"",""black-crow""]",6a6f124110a39faace3afe30,"2026-08-02T09:47:45,692","2026-08-02T09:47:45,692",6a5b8bf7216d9ce22701983a,false
victoire,"[""trickster"",""lore-weaver"",""rose-knight"",""tracker"",""dark_magister""]","[""tracker"",""rose-knight"",""death-knight"",""boommeister"",""black-crow""]",6a6f117628a2833f810a5a5b,"2026-08-02T09:44:22,687","2026-08-02T09:44:22,687",6a5b8bf7216d9ce22701983a,false
defaite,"[""mastercook"",""lore-weaver"",""rose-knight"",""tracker"",""trickster""]","[""tracker"",""rose-knight"",""death-knight"",""boommeister"",""black-crow""]",6a6f10f7c688b7924f7c0773,"2026-08-02T09:42:15,702","2026-08-02T09:42:15,702",6a5b8bf7216d9ce22701983a,false
defaite,"[""scarlet-bolt"",""prima-donna"",""demon-slayer"",""rose-knight"",""sea-squire""]","[""tracker"",""rose-knight"",""death-knight"",""boommeister"",""black-crow""]",6a6f0f988b8224be0963a4d8,"2026-08-02T09:36:24,808","2026-08-02T09:36:24,808",6a5b8bf7216d9ce22701983a,false
defaite,"[""magmaroid"",""prima-donna"",""demon-slayer"",""rose-knight"",""sea-squire""]","[""tracker"",""rose-knight"",""death-knight"",""boommeister"",""black-crow""]",6a6f0f43125596c0bbc8ff46,"2026-08-02T09:34:59,679","2026-08-02T09:34:59,679",6a5b8bf7216d9ce22701983a,false
defaite,"[""magmaroid"",""prima-donna"",""demon-slayer"",""trickster"",""berserker""]","[""tracker"",""rose-knight"",""death-knight"",""boommeister"",""black-crow""]",6a6f0e74dd6dacb58f3cec3f,"2026-08-02T09:31:32,087","2026-08-02T09:31:32,087",6a5b8bf7216d9ce22701983a,false
defaite,"[""lore-weaver"",""cursed-hunter"",""rose-knight"",""witch-doll"",""tracker""]","[""lore-weaver"",""demon-slayer"",""rose-knight"",""witch-doll"",""tracker""]",6a6dcc621cc714c4da429eb8,"2026-08-01T10:37:22,282","2026-08-01T10:37:22,282",6a5b8bf7216d9ce22701983a,false
victoire,"[""tracker"",""demon-slayer"",""rose-knight"",""femme-fatale"",""black-crow""]","[""tracker"",""demon-slayer"",""rose-knight"",""scarlet-bolt"",""black-crow""]",6a6dcb10a40971549d0b4c02,"2026-08-01T10:31:44,762","2026-08-01T10:31:44,762",6a5b8bf7216d9ce22701983a,false
victoire,"[""tracker"",""rose-knight"",""soul-forger"",""boommeister"",""black-crow""]","[""tracker"",""rose-knight"",""death-knight"",""boommeister"",""black-crow""]",6a6dc9726e1f23a334f3da43,"2026-08-01T10:24:50,366","2026-08-01T10:24:50,366",6a5b8bf7216d9ce22701983a,false
defaite,"[""rose-knight"",""berserker"",""lore-weaver"",""scarlet-bolt"",""soul-forger""]","[""tracker"",""rose-knight"",""death-knight"",""boommeister"",""black-crow""]",6a6dc8ea6dab5ae58b06850a,"2026-08-01T10:22:34,769","2026-08-01T10:22:34,769",6a5b8bf7216d9ce22701983a,false
defaite,"[""rose-knight"",""berserker"",""femme-fatale"",""scarlet-bolt"",""lore-weaver""]","[""tracker"",""rose-knight"",""death-knight"",""boommeister"",""black-crow""]",6a6dc7a2e341327dd57c1ea4,"2026-08-01T10:17:06,894","2026-08-01T10:17:06,894",6a5b8bf7216d9ce22701983a,false
defaite,"[""magmaroid"",""prima-donna"",""rose-knight"",""dark_magister"",""storm-fox""]","[""lore-weaver"",""demon-slayer"",""rose-knight"",""witch-doll"",""tracker""]",6a61f5abb4e73fa03d153f01,"2026-07-23T11:06:19,144","2026-07-23T11:06:19,144",6a5b8bf7216d9ce22701983a,false
defaite,"[""magmaroid"",""prima-donna"",""rose-knight"",""don-guappo"",""child-of-light""]","[""lore-weaver"",""demon-slayer"",""rose-knight"",""witch-doll"",""tracker""]",6a61f54720eab02bf670c137,"2026-07-23T11:04:39,507","2026-07-23T11:04:39,507",6a5b8bf7216d9ce22701983a,false
defaite,"[""magmaroid"",""prima-donna"",""rose-knight"",""shapeshifter-cav"",""snow-queen""]","[""lore-weaver"",""demon-slayer"",""rose-knight"",""witch-doll"",""tracker""]",6a61f4d5741cfc1cc10f2d8b,"2026-07-23T11:02:45,742","2026-07-23T11:02:45,742",6a5b8bf7216d9ce22701983a,false
defaite,"[""rose-knight"",""prima-donna"",""demon-slayer"",""berserker"",""barbarian""]","[""snow-queen"",""demon-slayer"",""rose-knight"",""witch-doll"",""prima-donna""]",6a61f439a058619782ef057d,"2026-07-23T11:00:09,051","2026-07-23T11:00:09,051",6a5b8bf7216d9ce22701983a,false
defaite,"[""magmaroid"",""prima-donna"",""demon-slayer"",""berserker"",""barbarian""]","[""snow-queen"",""demon-slayer"",""rose-knight"",""witch-doll"",""prima-donna""]",6a61f3d6524583a0c8299a1d,"2026-07-23T10:58:30,354","2026-07-23T10:58:30,354",6a5b8bf7216d9ce22701983a,false
defaite,"[""magmaroid"",""rose-knight"",""shapeshifter-cav"",""dark_magister"",""petite-devil""]","[""snow-queen"",""demon-slayer"",""rose-knight"",""witch-doll"",""prima-donna""]",6a61f33fa67dfd9ddc520b58,"2026-07-23T10:55:59,678","2026-07-23T10:55:59,678",6a5b8bf7216d9ce22701983a,false
victoire,"[""lore-weaver"",""demon-slayer"",""rose-knight"",""witch-doll"",""black-crow""]","[""lore-weaver"",""demon-slayer"",""tracker"",""rose-knight"",""witch-doll""]",6a60b5cf6bc071236e2e2a58,"2026-07-22T12:21:35,476","2026-07-22T12:21:35,476",6a5b8bf7216d9ce22701983a,false
defaite,"[""grove-guardian"",""boommeister"",""death-knight"",""rose-knight"",""black-crow""]","[""tracker"",""rose-knight"",""death-knight"",""boommeister"",""black-crow""]",6a5f78f4ea3a33c1e7f2db7a,"2026-07-21T13:49:40,041","2026-07-21T13:49:40,041",6a5b8bf7216d9ce22701983a,false
defaite,"[""grove-guardian"",""prima-donna"",""demon-slayer"",""rose-knight"",""black-crow""]","[""tracker"",""rose-knight"",""death-knight"",""boommeister"",""black-crow""]",6a5f77c96233dbd5ba2a2691,"2026-07-21T13:44:41,966","2026-07-21T13:44:41,966",6a5b8bf7216d9ce22701983a,false
defaite,"[""femme-fatale"",""rose-knight"",""berserker"",""cursed-hunter"",""witch-doll""]","[""boommeister"",""rose-knight"",""don-guappo"",""demon-slayer"",""lore-weaver""]",6a5ea7f0f214faa1ba507006,"2026-07-20T22:57:52,656","2026-07-20T22:57:52,656",6a5b8bf7216d9ce22701983a,false
victoire,"[""boommeister"",""rose-knight"",""don-guappo"",""demon-slayer"",""lore-weaver""]","[""lore-weaver"",""demon-slayer"",""rose-knight"",""boommeister"",""tracker""]",6a5ea4018861f140401a3201,"2026-07-20T22:41:05,825","2026-07-20T22:41:05,825",6a5b8bf7216d9ce22701983a,false
victoire,"[""boommeister"",""rose-knight"",""don-guappo"",""demon-slayer"",""prima-donna""]","[""boommeister"",""rose-knight"",""don-guappo"",""demon-slayer"",""tracker""]",6a5ea2141054e1236fc17398,"2026-07-20T22:32:52,503","2026-07-20T22:32:52,503",6a5b8bf7216d9ce22701983a,false
